IteratorGetNext/CPU-0/(tf_resource 1x1)->(int32 128x19)(int32 128x19)(int32 128x19)(int32 128x1)(int32 128x1)	[509274, 35, -1]
Mul/GPU-0/(128x128)(128x128)->(128x128)	[453954, 4200, -1]
Shape/GPU-0/(128x128)->(int32 2x1)	[376121, 5700, -1]
TensorArrayV3/GPU-0/(int32 1x1)->(tf_resource 1x1)(1x1)	[325906, 400, -1]
SparseSoftmaxCrossEntropyWithLogits/GPU-0/(2432x17191)(int32 2432x1)->(2432x1)(2432x17191)	[321826, 35, -1]
StackPushV2/GPU-0/(tf_resource 1x1)(int32 2x1)->(int32 2x1)	[308374, 5200, -1]
StackPushV2/GPU-0/(tf_resource 1x1)(128x128)->(128x128)	[288130, 4400, -1]
IteratorGetNext/CPU-0/(tf_resource 1x1)->(int32 128x29)(int32 128x29)(int32 128x29)(int32 128x1)(int32 128x1)	[281841, 22, -1]
StackPopV2/GPU-0/(tf_resource 1x1)->(int32 2x1)	[279267, 5200, -1]
SparseSoftmaxCrossEntropyWithLogits/GPU-0/(3712x17191)(int32 3712x1)->(3712x1)(3712x17191)	[240879, 22, -1]
StackPopV2/GPU-0/(tf_resource 1x1)->(128x128)	[222885, 4400, -1]
ConcatV2/GPU-0/(128x128)(128x128)(128x128)(128x128)(int32 1x1)->(128x512)	[180680, 400, -1]
TensorArrayGradV3/GPU-0/(tf_resource 1x1)(1x1)->(tf_resource 1x1)(1x1)	[178314, 500, -1]
MatMul/GPU-0/(128x256)(128x512)->(256x512)	[175298, 300, -1]
BroadcastGradientArgs/GPU-0/(int32 2x1)(int32 2x1)->(int32 1x1)(int32 1x1)	[169373, 2100, -1]
Select/GPU-0/(boolean 128x1)(128x128)(128x128)->(128x128)	[167361, 1400, -1]
MEMCPYHtoD/GPU-0/(Transfer)->(1024 bytes)	[164108, 600, -1]
IteratorGetNext/CPU-0/(tf_resource 1x1)->(int32 128x9)(int32 128x9)(int32 128x9)(int32 128x1)(int32 128x1)	[163616, 11, -1]
MatMul/GPU-0/(128x512)(256x512)->(128x256)	[150193, 300, -1]
AddN/GPU-0/(128x128)(128x128)->(128x128)	[137991, 1200, -1]
Merge/GPU-0/(128x128)(128x128)->(128x128)(int32 1x1)	[129648, 1900, -1]
SigmoidGrad/GPU-0/(128x128)(128x128)->(128x128)	[126534, 1200, -1]
IteratorGetNext/CPU-0/(tf_resource 1x1)->(int32 128x39)(int32 128x39)(int32 128x39)(int32 128x1)(int32 128x1)	[125098, 10, -1]
Reshape/GPU-0/(128x128)(int32 2x1)->(128x128)	[123920, 4200, -1]
MatMul/GPU-0/(2432x17191)(128x17191)->(2432x128)	[116285, 35, -1]
BroadcastGradientArgs/GPU-0/(int32 2x1)(int32 1x1)->(int32 1x1)(int32 2x1)	[113582, 800, -1]
SparseSoftmaxCrossEntropyWithLogits/GPU-0/(4992x17191)(int32 4992x1)->(4992x1)(4992x17191)	[110865, 10, -1]
Less/GPU-0/(int32 29x1)(int32 128x1)->(boolean 128x29)	[106330, 68, -1]
Sigmoid/GPU-0/(128x128)->(128x128)	[106203, 800, -1]
IteratorGetNext/CPU-0/(tf_resource 1x1)->(int32 128x50)(int32 128x51)(int32 128x51)(int32 128x1)(int32 128x1)	[104967, 9, -1]
BatchMatMul/GPU-0/(128x1x128)(128x19x128)->(128x1x19)	[104491, 72, -1]
MatMul/GPU-0/(128x256)(256x512)->(128x512)	[103368, 300, -1]
Split/GPU-0/(int32 1x1)(128x512)->(128x128)(128x128)(128x128)(128x128)	[101663, 400, -1]
MatMul/GPU-0/(2432x128)(128x17191)->(2432x17191)	[101535, 35, -1]
Const/GPU-0/(no input)->(int32 1x1)	[99986, 9200, -1]
ConcatV2/GPU-0/(128x128)(128x128)(int32 1x1)->(128x256)	[99921, 500, -1]
BatchMatMul/GPU-0/(128x1x128)(128x29x128)->(128x1x29)	[93189, 46, -1]
Less/GPU-0/(int32 19x1)(int32 128x1)->(boolean 128x19)	[89715, 107, -1]
Less/GPU-0/(int32 39x1)(int32 128x1)->(boolean 128x39)	[89548, 38, -1]
MatMul/GPU-0/(3712x17191)(128x17191)->(3712x128)	[86756, 22, -1]
TanhGrad/GPU-0/(128x128)(128x128)->(128x128)	[86340, 800, -1]
MatMul/GPU-0/(2432x128)(2432x17191)->(128x17191)	[85385, 35, -1]
Tanh/GPU-0/(128x128)->(128x128)	[82411, 800, -1]
Add/GPU-0/(256x512)(256x512)->(256x512)	[81797, 300, 131072]
ConcatOffset/GPU-0/(int32 1x1)(int32 2x1)(int32 2x1)(int32 2x1)->(int32 2x1)(int32 2x1)	[78031, 600, -1]
SparseSoftmaxCrossEntropyWithLogits/GPU-0/(6272x17191)(int32 6272x1)->(6272x1)(6272x17191)	[75927, 5, -1]
Const/GPU-0/(no input)->(1x1)	[75757, 2400, -1]
MatMul/GPU-0/(3712x128)(128x17191)->(3712x17191)	[74303, 22, -1]
ShapeN/GPU-0/(128x128)(128x128)->(int32 2x1)(int32 2x1)	[72133, 500, -1]
BatchMatMul/GPU-0/(128x1x128)(128x39x128)->(128x1x39)	[71838, 28, -1]
Less/GPU-0/(int32 50x1)(int32 128x1)->(boolean 128x50)	[68351, 18, -1]
Merge/GPU-0/(1x1)(1x1)->(1x1)(int32 1x1)	[68144, 900, -1]
IteratorGetNext/CPU-0/(tf_resource 1x1)->(int32 128x49)(int32 128x49)(int32 128x49)(int32 128x1)(int32 128x1)	[67096, 5, -1]
Mul/GPU-0/(2432x1)(2432x17191)->(2432x17191)	[66936, 35, -1]
BiasAdd/GPU-0/(128x512)(512x1)->(128x512)	[65797, 400, -1]
MatMul/GPU-0/(128x384)(128x512)->(384x512)	[65455, 100, -1]
MatMul/GPU-0/(3712x128)(3712x17191)->(128x17191)	[65358, 22, -1]
Merge/GPU-0/(int32 1x1)(int32 1x1)->(int32 1x1)(int32 1x1)	[62706, 600, -1]
BiasAddGrad/GPU-0/(128x512)->(512x1)	[62661, 400, -1]
Switch/GPU-0/(128x128)(int32 1x1)(boolean 1x1)->(128x128)	[59071, 2000, -1]
Sum/GPU-0/(128x128)(int32 1x1)(int32 1x1)->(128x128)	[58865, 1900, -1]
StackPushV2/GPU-0/(tf_resource 1x1)(128x256)->(128x256)	[58395, 800, -1]
MEMCPYHtoD/GPU-0/(Transfer)->(128 bytes)	[58029, 600, -1]
Slice/GPU-0/(128x256)(int32 2x1)(int32 2x1)(int32 2x1)(int32 2x1)->(128x128)	[58008, 500, -1]
SparseSoftmaxCrossEntropyWithLogits/GPU-0/(6528x17191)(int32 6528x1)->(6528x1)(6528x17191)	[57707, 9, -1]
MatMul/GPU-0/(128x512)(384x512)->(128x384)	[56443, 100, -1]
Slice/GPU-0/(128x256)(int32 2x1)(int32 2x1)->(128x128)	[53260, 500, -1]
Add/GPU-0/(int32 1x1)(int32 1x1)->(int32 1x1)	[52699, 600, 1]
Mul/GPU-0/(3712x1)(3712x17191)->(3712x17191)	[51178, 22, -1]
Mul/GPU-0/(128x128)(1x1)->(128x128)	[50762, 700, 16384]
ZerosLike/GPU-0/(128x128)->(128x128)	[50435, 1200, -1]
Less/GPU-0/(int32 49x1)(int32 128x1)->(boolean 128x49)	[49354, 19, -1]
BatchMatMul/GPU-0/(128x1x29)(128x29x128)->(128x1x128)	[49211, 46, -1]
BatchMatMul/GPU-0/(128x1x19)(128x19x128)->(128x1x128)	[47955, 72, -1]
MatMul/GPU-0/(128x384)(384x512)->(128x512)	[47540, 100, -1]
NextIteration/GPU-0/(128x128)->(128x128)	[45503, 1900, -1]
Sigmoid/GPU-0/(128x128)(128x128)(128x128)(128x128)->(128x128)	[45151, 400, -1]
Add/GPU-0/(128x128)(128x128)->(128x128)	[44877, 400, -1]
RandomUniform/GPU-0/(int32 2x1)->(128x128)	[43587, 300, -1]
Add/GPU-0/(128x128)(1x1)->(128x128)	[43542, 400, -1]
SparseSoftmaxCrossEntropyWithLogits/GPU-0/(4864x17191)(int32 4864x1)->(4864x1)(4864x17191)	[42937, 4, -1]
Sum/GPU-0/(128x128)(int32 1x1)->(128x128)	[42848, 1600, -1]
Floor/GPU-0/(128x128)->(128x128)	[42423, 300, -1]
StackPopV2/GPU-0/(tf_resource 1x1)->(128x256)	[42095, 800, -1]
TensorArrayReadV3/GPU-0/(tf_resource 1x1)(int32 1x1)(1x1)->(128x128)	[41167, 300, -1]
SparseSoftmaxCrossEntropyWithLogits/GPU-0/(1152x17191)(int32 1152x1)->(1152x1)(1152x17191)	[41090, 11, -1]
BatchMatMul/GPU-0/(128x1x39)(128x39x128)->(128x1x128)	[40735, 28, -1]
BatchMatMul/GPU-0/(128x1x19)(128x1x128)->(128x19x128)	[40135, 72, -1]
Add/GPU-0/(128x29x128)(128x29x128)->(128x29x128)	[39825, 46, -1]
IteratorGetNext/CPU-0/(tf_resource 1x1)->(int32 128x39)(int32 128x38)(int32 128x38)(int32 128x1)(int32 128x1)	[39443, 4, -1]
MatMul/GPU-0/(4992x17191)(128x17191)->(4992x128)	[38592, 10, -1]
Add/GPU-0/(128x39x128)(128x39x128)->(128x39x128)	[37971, 28, -1]
BatchMatMul/GPU-0/(128x1x128)(128x50x128)->(128x1x50)	[37226, 18, -1]
MatMul/GPU-0/(4992x128)(128x17191)->(4992x17191)	[36036, 10, -1]
MEMCPYDtoH/GPU-0/(Transfer)->(1 bytes)	[35860, 1200, -1]
Shape/GPU-0/(128x256)->(int32 2x1)	[35788, 400, -1]
StackV2/GPU-0/(1)->(tf_resource 1x1)	[35616, 7500, -1]
Add/GPU-0/(384x512)(384x512)->(384x512)	[35524, 100, 196608]
BatchMatMul/GPU-0/(128x1x29)(128x1x128)->(128x29x128)	[34258, 46, -1]
Add/GPU-0/(1x1)(128x128)->(128x128)	[33787, 300, -1]
BatchMatMul/GPU-0/(128x1x128)(128x49x128)->(128x1x49)	[33660, 14, -1]
Const/CPU-0/(no input)->(string 1x1)	[33438, 2800, -1]
NextIteration/GPU-0/(int32 1x1)->(int32 1x1)	[31870, 700, -1]
StackPushV2/GPU-0/(tf_resource 1x1)(int32 1x1)->(int32 1x1)	[31863, 300, -1]
Add/GPU-0/(512x1)(512x1)->(512x1)	[31804, 400, 512]
BatchMatMul/GPU-0/(128x1x39)(128x1x128)->(128x39x128)	[30545, 28, -1]
MatMul/GPU-0/(4992x128)(4992x17191)->(128x17191)	[29730, 10, -1]
TensorArrayWriteV3/GPU-0/(tf_resource 1x1)(int32 1x1)(128x128)(1x1)->(1x1)	[29400, 200, -1]
MatMul/GPU-0/(128x256)(128x128)->(256x128)	[28560, 100, -1]
BatchMatMul/GPU-0/(128x1x50)(128x50x128)->(128x1x128)	[28133, 18, -1]
Enter/GPU-0/(tf_resource 1x1)->(tf_resource 1x1)	[28127, 23600, -1]
Add/GPU-0/(128x19x128)(128x19x128)->(128x19x128)	[27899, 72, -1]
TensorArrayWriteV3/GPU-0/(tf_resource 1x1)(1x1)(int32 1x1)(128x128)(1x1)->(1x1)	[27694, 300, -1]
StridedSlice/GPU-0/(int32 2x1)(int32 1x1)(int32 1x1)(int32 1x1)->(int32 1x1)	[27379, 300, -1]
Switch/GPU-0/(1x1)(int32 1x1)(boolean 1x1)->(1x1)	[27272, 900, -1]
GreaterEqual/GPU-0/(int32 1x1)(int32 128x1)->(boolean 128x1)	[26574, 200, -1]
MatMul/GPU-0/(6272x128)(128x17191)->(6272x17191)	[26569, 5, -1]
GreaterEqual/GPU-0/(int32 1x1)(int32 1x1)(int32 1x1)->(boolean 1x1)	[25283, 200, 1]
MatMul/GPU-0/(128x128)(256x128)->(128x256)	[25012, 100, -1]
Mul/GPU-0/(128x256)(128x256)->(128x256)	[24153, 200, -1]
Merge/GPU-0/(1)(128x128)->(128x128)(int32 1x1)	[24075, 300, -1]
Add/GPU-0/(128x50x128)(128x50x128)->(128x50x128)	[23993, 18, -1]
TensorArrayReadV3/GPU-0/(tf_resource 1x1)(1x1)(int32 1x1)(1x1)->(128x128)	[23683, 200, -1]
Switch/GPU-0/(int32 1x1)(int32 1x1)(boolean 1x1)->(int32 1x1)	[23671, 700, -1]
All/GPU-0/(boolean 128x1)(int32 1x1)->(boolean 1x1)	[23661, 300, -1]
TensorArrayScatterV3/GPU-0/(tf_resource 1x1)(1x1)(int32 39x1)(39x128x128)(1x1)->(1x1)	[23362, 48, -1]
Mul/GPU-0/(128x256)(1x1)->(128x256)	[23248, 200, -1]
Mul/GPU-0/(4992x1)(4992x17191)->(4992x17191)	[23015, 10, -1]
Sum/GPU-0/(128x128)(int32 1x1)(int32 2x1)->(128x128)	[22789, 700, -1]
Switch/GPU-0/(tf_resource 1x1)(boolean 1x1)->(tf_resource 1x1)	[22786, 400, -1]
TensorArrayScatterV3/GPU-0/(tf_resource 1x1)(1x1)(int32 51x1)(51x128x128)(1x1)->(1x1)	[22614, 18, -1]
NextIteration/GPU-0/(1x1)->(1x1)	[22164, 800, -1]
StackV2/GPU-0/(int32 1x1)->(tf_resource 1x1)	[21682, 4300, -1]
Less/GPU-0/(int32 1x1)(int32 1x1)(int32 1x1)->(boolean 1x1)	[21216, 200, 1]
StackPopV2/GPU-0/(tf_resource 1x1)->(int32 1x1)	[20902, 300, -1]
Merge/GPU-0/(256x512)(256x512)->(256x512)(int32 1x1)	[20810, 300, -1]
MatMul/GPU-0/(128x256)(256x128)->(128x128)	[20432, 100, -1]
Pack/GPU-0/(1x1)(1x1)(1x1)(1x1)(1x1)(1x1)(1x1)(1x1)(1x1)(1x1)(1x1)(1x1)(1x1)(1x1)->(14x1)	[19799, 200, -1]
MatMul/GPU-0/(6528x17191)(128x17191)->(6528x128)	[19742, 9, -1]
BatchMatMul/GPU-0/(128x1x49)(128x49x128)->(128x1x128)	[19526, 14, -1]
ConcatV2/GPU-0/(128x256)(128x128)(int32 1x1)->(128x384)	[19094, 100, -1]
Merge/GPU-0/(512x1)(512x1)->(512x1)(int32 1x1)	[18685, 400, -1]
MatMul/GPU-0/(6528x128)(128x17191)->(6528x17191)	[18473, 9, -1]
Add/GPU-0/(128x49x128)(128x49x128)->(128x49x128)	[18196, 14, -1]
BatchMatMul/GPU-0/(128x1x50)(128x1x128)->(128x50x128)	[17662, 18, -1]
ShapeN/GPU-0/(128x256)(128x128)->(int32 2x1)(int32 2x1)	[17501, 100, -1]
IteratorGetNext/CPU-0/(tf_resource 1x1)->(int32 128x49)(int32 128x48)(int32 128x48)(int32 128x1)(int32 128x1)	[17413, 1, -1]
BatchMatMul/GPU-0/(128x1x128)(128x9x128)->(128x1x9)	[17324, 22, -1]
IteratorGetNext/CPU-0/(tf_resource 1x1)->(int32 128x29)(int32 128x28)(int32 128x28)(int32 128x1)(int32 128x1)	[17181, 1, -1]
Less/GPU-0/(int32 1x1)(int32 128x1)->(boolean 128x1)	[17017, 100, -1]
RandomUniform/GPU-0/(int32 2x1)->(128x256)	[16997, 100, -1]
Add/GPU-0/(1x1)(128x256)->(128x256)	[16985, 100, -1]
ApplyGradientDescent/GPU-0/(128x17191)(1x1)(int32 1x1)(128x17191)->(128x17191)	[16922, 100, -1]
Add/GPU-0/(256x128)(256x128)->(256x128)	[16713, 100, 32768]
LoopCond/GPU-0/(boolean 1x1)->(boolean 1x1)	[16432, 400, -1]
Softmax/GPU-0/(128x50)->(128x50)	[15177, 9, -1]
MatMul/GPU-0/(6528x128)(6528x17191)->(128x17191)	[14934, 9, -1]
MatMul/GPU-0/(4864x17191)(128x17191)->(4864x128)	[14878, 4, -1]
MEMCPYHtoD/GPU-0/(Transfer)->(1 bytes)	[14805, 300, -1]
LogicalAnd/GPU-0/(boolean 1x1)(boolean 1x1)->(boolean 1x1)	[14786, 100, -1]
MatMul/GPU-0/(1152x17191)(128x17191)->(1152x128)	[14727, 11, -1]
Add/GPU-0/(1x1)(1x1)->(1x1)	[14614, 200, 1]
BatchMatMul/GPU-0/(128x1x49)(128x1x128)->(128x49x128)	[14437, 14, -1]
AddN/GPU-0/(128x128)(128x128)(128x128)->(128x128)	[14161, 100, -1]
ControlTrigger/GPU-0/(no input)->(no output info)	[13980, 300, -1]
Merge/GPU-0/(boolean 128x1)(boolean 128x1)->(boolean 128x1)(int32 1x1)	[13725, 100, -1]
BroadcastGradientArgs/GPU-0/(int32 1x1)(int32 2x1)->(int32 2x1)(int32 1x1)	[13719, 100, -1]
MatMul/GPU-0/(4864x128)(128x17191)->(4864x17191)	[13233, 4, -1]
Identity/GPU-0/(no output info)->(1x1)	[13221, 1100, -1]
MatMul/GPU-0/(1152x128)(128x17191)->(1152x17191)	[13127, 11, -1]
StackPushV2/GPU-0/(tf_resource 1x1)(int32 3x1)->(int32 3x1)	[13075, 200, -1]
Softmax/GPU-0/(128x29)->(128x29)	[12662, 23, -1]
All/GPU-0/(boolean 128x1)(int32 1x1)(int32 1x1)->(boolean 1x1)	[12616, 100, -1]
MatMul/GPU-0/(1152x128)(1152x17191)->(128x17191)	[12561, 11, -1]
Mul/GPU-0/(128x39)(128x39)->(128x39)	[12362, 42, -1]
Mul/GPU-0/(6528x1)(6528x17191)->(6528x17191)	[12001, 9, -1]
Const/CPU-0/(no input)->(1x1)	[11786, 1300, -1]
Identity/GPU-0/(int32 1x1)->(int32 1x1)	[11407, 200, -1]
Mul/GPU-0/(128x17191)(1x1)->(128x17191)	[11322, 100, 2200448]
Switch/GPU-0/(1x1)(boolean 1x1)->(1x1)	[11239, 500, -1]
MatMul/GPU-0/(4864x128)(4864x17191)->(128x17191)	[11176, 4, -1]
Merge/CPU-0/(1x1)(1x1)->(1x1)(int32 1x1)	[10945, 100, -1]
Softmax/GPU-0/(128x49)->(128x49)	[10885, 7, -1]
Snapshot/GPU-0/(128x128)->(128x128)	[10861, 300, -1]
LogicalOr/GPU-0/(boolean 128x1)(boolean 128x1)->(boolean 128x1)	[10808, 100, -1]
L2Loss/GPU-0/(128x17191)->(1x1)	[10805, 200, 6601343]
Equal/GPU-0/(int32 1x1)(int32 1x1)->(boolean 1x1)	[10724, 400, 1]
Merge/GPU-0/(1)(int32 1x1)->(int32 1x1)(int32 1x1)	[10657, 100, -1]
Sub/GPU-0/(int32 1x1)(int32 1x1)->(int32 1x1)	[10552, 200, 1]
Slice/GPU-0/(128x384)(int32 2x1)(int32 2x1)(int32 2x1)(int32 2x1)->(128x256)	[10324, 100, -1]
LogicalNot/GPU-0/(boolean 1x1)->(boolean 1x1)	[10317, 100, -1]
Shape/GPU-0/(128x1x128)->(int32 3x1)	[10215, 100, -1]
SparseSoftmaxCrossEntropyWithLogits/GPU-0/(2304x17191)(int32 2304x1)->(2304x1)(2304x17191)	[10069, 1, -1]
StackPopV2/GPU-0/(tf_resource 1x1)->(int32 3x1)	[9893, 200, -1]
NextIteration/GPU-0/(512x1)->(512x1)	[9575, 400, -1]
Switch/GPU-0/(128x128)(boolean 1x1)->(128x128)	[9492, 400, -1]
Merge/GPU-0/(256x128)(256x128)->(256x128)(int32 1x1)	[9086, 100, -1]
Floor/GPU-0/(128x256)->(128x256)	[9075, 100, -1]
Mul/GPU-0/(4864x1)(4864x17191)->(4864x17191)	[8952, 4, -1]
Add/GPU-0/(1x1)(1x1)(int32 1x1)->(1x1)	[8765, 100, 1]
Slice/GPU-0/(128x384)(int32 2x1)(int32 2x1)->(128x128)	[8749, 100, -1]
NextIteration/GPU-0/(256x512)->(256x512)	[8710, 300, -1]
Merge/GPU-0/(384x512)(384x512)->(384x512)(int32 1x1)	[8628, 100, -1]
ExpandDims/GPU-0/(int32 128x1)(int32 1x1)->(int32 128x1)	[8524, 100, -1]
Mul/GPU-0/(1152x1)(1152x17191)->(1152x17191)	[8418, 11, -1]
TensorArrayScatterV3/GPU-0/(tf_resource 1x1)(1x1)(int32 19x1)(19x128x128)(1x1)->(1x1)	[8328, 142, -1]
MatMul/GPU-0/(5888x128)(128x17191)->(5888x17191)	[8265, 1, -1]
Less/GPU-0/(int32 9x1)(int32 128x1)->(boolean 128x9)	[8235, 33, -1]
TensorArrayScatterV3/GPU-0/(tf_resource 1x1)(1x1)(int32 29x1)(29x128x128)(1x1)->(1x1)	[8198, 90, -1]
TensorArrayGradV3/GPU-0/(tf_resource 1x1)(1x1)(1x1)->(tf_resource 1x1)(1x1)	[7696, 400, -1]
Switch/GPU-0/(512x1)(int32 1x1)(boolean 1x1)->(512x1)	[7676, 400, -1]
Softmax/GPU-0/(128x19)->(128x19)	[7523, 36, -1]
Mul/GPU-0/(1x1)(128x49)->(128x49)	[7513, 21, -1]
MEMCPYDtoH/GPU-0/(Transfer)->(128 bytes)	[7398, 100, -1]
StackPushV2/GPU-0/(tf_resource 1x1)(boolean 1x1)->(boolean 1x1)	[7302, 100, -1]
TensorArrayGatherV3/GPU-0/(tf_resource 1x1)(1x1)(int32 29x1)(1x1)->(29x128x128)	[7138, 90, -1]
BatchMatMul/GPU-0/(128x1x9)(128x9x128)->(128x1x128)	[7021, 22, -1]
StackPopV2/GPU-0/(tf_resource 1x1)->(boolean 128x1)	[6853, 100, -1]
StackPushV2/GPU-0/(tf_resource 1x1)(128x384)->(128x384)	[6807, 100, -1]
IteratorGetNext/CPU-0/(tf_resource 1x1)->(int32 128x19)(int32 128x18)(int32 128x18)(int32 128x1)(int32 128x1)	[6551, 1, -1]
Switch/GPU-0/(256x512)(int32 1x1)(boolean 1x1)->(256x512)	[6494, 300, -1]
Shape/GPU-0/(128x19)->(int32 2x1)	[6450, 144, -1]
Squeeze/GPU-0/(128x1x128)->(128x128)	[6450, 100, -1]
MatMul/GPU-0/(5888x128)(5888x17191)->(128x17191)	[6444, 1, -1]
Reshape/GPU-0/(128x256)(int32 2x1)->(128x256)	[6390, 200, -1]
Shape/GPU-0/(128x29)->(int32 2x1)	[6316, 92, -1]
ExpandDims/GPU-0/(128x128)(int32 1x1)->(128x1x128)	[6277, 100, -1]
StackPopV2/GPU-0/(tf_resource 1x1)->(128x384)	[6256, 100, -1]
StackPushV2/GPU-0/(tf_resource 1x1)(boolean 128x1)->(boolean 128x1)	[6228, 100, -1]
MEMCPYHtoD/GPU-0/(Transfer)->(4992 bytes)	[6227, 52, -1]
StackPushV2/GPU-0/(tf_resource 1x1)(128x1x128)->(128x1x128)	[5995, 100, -1]
Mul/GPU-0/(128x29)(128x29)->(128x29)	[5990, 69, -1]
Mul/GPU-0/(6272x1)(6272x17191)->(6272x17191)	[5787, 5, -1]
Mul/GPU-0/(128x49)(128x49)->(128x49)	[5785, 21, -1]
Softmax/GPU-0/(128x39)->(128x39)	[5755, 14, -1]
BatchMatMul/GPU-0/(128x1x9)(128x1x128)->(128x9x128)	[5721, 22, -1]
Mul/GPU-0/(1x1)(128x29)->(128x29)	[5656, 69, -1]
Range/GPU-0/(int32 1x1)(int32 1x1)(int32 1x1)->(int32 19x1)	[5490, 249, -1]
Select/GPU-0/(boolean 128x49)(128x49)(128x49)->(128x49)	[5434, 14, -1]
Mul/GPU-0/(128x50)(128x50)->(128x50)	[5300, 27, -1]
Sum/GPU-0/(128x49)(int32 2x1)(int32 1x1)->(1x1)	[5287, 7, -1]
Switch/GPU-0/(int32 1x1)(boolean 1x1)->(int32 1x1)	[5228, 100, -1]
Mul/GPU-0/(1x1)(128x50)->(128x50)	[5124, 27, -1]
Mul/GPU-0/(1x1)(128x19)->(128x19)	[5083, 108, -1]
Mul/GPU-0/(128x19)(128x19)->(128x19)	[4991, 108, -1]
Mul/GPU-0/(1x1)(128x39)->(128x39)	[4903, 42, -1]
Snapshot/GPU-0/(128x256)->(128x256)	[4898, 100, -1]
StackPushV2/GPU-0/(tf_resource 1x1)(128x29)->(128x29)	[4896, 69, -1]
StackPushV2/GPU-0/(tf_resource 1x1)(128x19)->(128x19)	[4888, 108, -1]
NextIteration/GPU-0/(boolean 128x1)->(boolean 128x1)	[4805, 100, -1]
Iterator/CPU-0/(no input)->(tf_resource 1x1)	[4798, 100, -1]
L2Loss/GPU-0/(256x512)->(1x1)	[4751, 600, 393215]
StackPopV2/GPU-0/(tf_resource 1x1)->(128x1x128)	[4727, 100, -1]
StridedSlice/GPU-0/(int32 3x1)(int32 1x1)(int32 1x1)(int32 1x1)->(int32 1x1)	[4709, 700, -1]
StackPopV2/GPU-0/(tf_resource 1x1)->(boolean 1x1)	[4624, 100, -1]
TensorArrayScatterV3/GPU-0/(tf_resource 1x1)(1x1)(int32 49x1)(49x128x128)(1x1)->(1x1)	[4614, 24, -1]
Shape/GPU-0/(128x39)->(int32 2x1)	[4596, 56, -1]
NextIteration/GPU-0/(128x128)(int32 1x1)->(128x128)	[4429, 100, -1]
Reshape/GPU-0/(128x1x128)(int32 2x1)->(128x128)	[4283, 100, -1]
TensorArrayGatherV3/GPU-0/(tf_resource 1x1)(1x1)(int32 9x1)(1x1)->(9x128x128)	[4232, 44, -1]
Sum/GPU-0/(128x256)(int32 1x1)(int32 2x1)->(128x256)	[4197, 100, -1]
Sum/GPU-0/(128x256)(int32 1x1)(int32 1x1)->(128x256)	[4125, 100, -1]
Shape/GPU-0/(128x50)->(int32 2x1)	[4106, 36, -1]
IteratorGetNext/CPU-0/(tf_resource 1x1)->(int32 128x49)(int32 128x46)(int32 128x46)(int32 128x1)(int32 128x1)	[4086, 1, -1]
Switch/GPU-0/(boolean 128x1)(int32 1x1)(boolean 1x1)->(boolean 128x1)	[4038, 100, -1]
Select/GPU-0/(boolean 128x29)(128x29)(128x29)->(128x29)	[3969, 46, -1]
Select/GPU-0/(boolean 128x50)(128x50)(128x50)->(128x50)	[3925, 18, -1]
Range/GPU-0/(int32 1x1)(int32 1x1)(int32 1x1)->(int32 29x1)	[3723, 158, -1]
StackPushV2/GPU-0/(tf_resource 1x1)(128x39)->(128x39)	[3666, 42, -1]
Sum/GPU-0/(128x50)(int32 2x1)(int32 1x1)->(1x1)	[3641, 9, -1]
StackPopV2/GPU-0/(tf_resource 1x1)->(128x19)	[3623, 108, -1]
ScalarSummary/CPU-0/(string 1x1)(1x1)->(string 1x1)	[3594, 300, -1]
MatMul/GPU-0/(2304x17191)(128x17191)->(2304x128)	[3551, 1, -1]
MEMCPYHtoD/GPU-0/(Transfer)->(232 bytes)	[3497, 90, -1]
StackPopV2/GPU-0/(tf_resource 1x1)->(128x29)	[3475, 69, -1]
TensorArrayScatterV3/GPU-0/(tf_resource 1x1)(1x1)(int32 50x1)(50x128x128)(1x1)->(1x1)	[3407, 18, -1]
Select/GPU-0/(boolean 128x19)(128x19)(128x19)->(128x19)	[3398, 72, -1]
StackPushV2/GPU-0/(tf_resource 1x1)(128x50)->(128x50)	[3367, 27, -1]
Reshape/GPU-0/(128x128)(int32 3x1)->(128x1x128)	[3364, 100, -1]
MEMCPYHtoD/GPU-0/(Transfer)->(6400 bytes)	[3357, 27, -1]
Merge/GPU-0/(128x19x128)(128x19x128)->(128x19x128)(int32 1x1)	[3353, 72, -1]
ConcatV2/GPU-0/(int32 1x1)(int32 1x1)(int32 1x1)->(int32 2x1)	[3345, 400, -1]
Reshape/GPU-0/(128x1)(int32 2x1)->(128x1)	[3325, 100, -1]
TensorArrayGatherV3/GPU-0/(tf_resource 1x1)(1x1)(int32 19x1)(1x1)->(19x128x128)	[3265, 142, -1]
ApplyGradientDescent/GPU-0/(256x512)(1x1)(int32 1x1)(256x512)->(256x512)	[3258, 300, -1]
Sum/GPU-0/(128x39)(int32 2x1)(int32 1x1)->(1x1)	[3256, 14, -1]
MEMCPYHtoD/GPU-0/(Transfer)->(3712 bytes)	[3215, 91, -1]
NextIteration/GPU-0/(384x512)->(384x512)	[3202, 100, -1]
Select/GPU-0/(boolean 128x39)(128x39)(128x39)->(128x39)	[3114, 28, -1]
Const/GPU-0/(no input)->(int32 2x1)	[3112, 800, -1]
Merge/GPU-0/(128x29x128)(128x29x128)->(128x29x128)(int32 1x1)	[3100, 46, -1]
MatMul/GPU-0/(2304x128)(128x17191)->(2304x17191)	[3065, 1, -1]
Size/GPU-0/(int32 19x128)->(int32 1x1)	[3040, 71, -1]
Switch/GPU-0/(256x128)(int32 1x1)(boolean 1x1)->(256x128)	[3032, 100, -1]
Enter/GPU-0/(128x128)->(128x128)	[2996, 1900, -1]
Identity/GPU-0/(128x128)->(128x128)	[2976, 200, -1]
StackPushV2/GPU-0/(tf_resource 1x1)(boolean 128x19)->(boolean 128x19)	[2951, 36, -1]
StackPushV2/GPU-0/(tf_resource 1x1)(boolean 128x29)->(boolean 128x29)	[2894, 23, -1]
Reshape/GPU-0/(1x1)(int32 1x1)->(1x1)	[2893, 100, -1]
ConcatV2/GPU-0/(int32 2x1)(int32 1x1)(int32 1x1)->(int32 3x1)	[2887, 300, -1]
Shape/GPU-0/(128x49)->(int32 2x1)	[2856, 28, -1]
Sum/GPU-0/(128x29)(int32 2x1)(int32 1x1)->(1x1)	[2849, 23, -1]
Shape/GPU-0/(128x1x19)->(int32 3x1)	[2832, 36, -1]
MEMCPYDtoD/GPU-0/(Transfer)->(4 bytes)	[2822, 200, -1]
Switch/CPU-0/(1x1)(int32 1x1)(boolean 1x1)->(1x1)	[2813, 100, -1]
StackPopV2/GPU-0/(tf_resource 1x1)->(128x39)	[2747, 42, -1]
Sub/GPU-0/(128x29)(128x1)->(128x29)	[2744, 23, -1]
Less/GPU-0/(int32 1x1)(int32 1x1)->(boolean 1x1)	[2741, 200, 1]
Shape/GPU-0/(128x1x29)->(int32 3x1)	[2708, 23, -1]
MatMul/GPU-0/(2304x128)(2304x17191)->(128x17191)	[2650, 1, -1]
Fill/GPU-0/(int32 2x1)(1x1)->(128x50)	[2638, 9, -1]
VariableV2/CPU-0/(no input)->(int32 1x1)	[2634, 100, -1]
L2Loss/GPU-0/(2432x128)->(1x1)	[2624, 142, -1]
Switch/GPU-0/(384x512)(int32 1x1)(boolean 1x1)->(384x512)	[2602, 100, -1]
MEMCPYHtoD/GPU-0/(Transfer)->(2432 bytes)	[2552, 143, -1]
Sum/GPU-0/(128x19)(int32 2x1)(int32 1x1)->(1x1)	[2549, 36, -1]
Sub/GPU-0/(128x19)(128x1)->(128x19)	[2520, 36, -1]
StackPopV2/GPU-0/(tf_resource 1x1)->(128x50)	[2473, 27, -1]
Merge/GPU-0/(128x39x128)(128x39x128)->(128x39x128)(int32 1x1)	[2444, 28, -1]
L2Loss/GPU-0/(3712x128)->(1x1)	[2439, 90, -1]
Equal/GPU-0/(int32 2x1)(int32 2x1)->(boolean 2x1)	[2439, 600, 2]
L2Loss/GPU-0/(384x512)->(1x1)	[2433, 200, 589823]
Pack/GPU-0/(int32 1x1)(int32 1x1)->(int32 2x1)	[2422, 300, -1]
StackPushV2/GPU-0/(tf_resource 1x1)(boolean 128x39)->(boolean 128x39)	[2316, 14, -1]
StackPushV2/GPU-0/(tf_resource 1x1)(128x49)->(128x49)	[2313, 21, -1]
Assert/CPU-0/(boolean 1x1)(string 1x1)(string 1x1)(string 1x1)(int32 128x1)->(no output info)	[2261, 100, -1]
MatMul/GPU-0/(2432x128)(128x128)->(2432x128)	[2261, 72, -1]
Mul/GPU-0/(256x512)(1x1)->(256x512)	[2250, 300, 131072]
Sub/GPU-0/(128x39)(128x1)->(128x39)	[2180, 14, -1]
MatMul/GPU-0/(3712x128)(128x128)->(3712x128)	[2146, 46, -1]
MEMCPYHtoD/GPU-0/(Transfer)->(6272 bytes)	[2140, 26, -1]
Identity/CPU-0/(int32 1x1)->(1x1)	[2132, 100, -1]
Sub/GPU-0/(128x50)(128x1)->(128x50)	[2125, 9, -1]
Mul/GPU-0/(2304x1)(2304x17191)->(2304x17191)	[2104, 1, -1]
Enter/GPU-0/(1x1)->(1x1)	[2101, 1400, -1]
ZerosLike/GPU-0/(128x29)->(128x29)	[2090, 23, -1]
NextIteration/GPU-0/(256x128)->(256x128)	[2077, 100, -1]
Sum/GPU-0/(128x29)(int32 1x1)->(128x1)	[2040, 23, -1]
MatMul/GPU-0/(4992x128)(128x128)->(4992x128)	[1978, 28, -1]
TensorArrayGatherV3/GPU-0/(tf_resource 1x1)(1x1)(int32 39x1)(1x1)->(39x128x128)	[1962, 48, -1]
ZerosLike/GPU-0/(128x50)->(128x50)	[1947, 9, -1]
Fill/GPU-0/(int32 2x1)(1x1)->(128x29)	[1943, 23, -1]
Shape/GPU-0/(128x1x39)->(int32 3x1)	[1934, 14, -1]
GatherV2/CPU-0/(int32 3x1)(int32 2x1)(int32 1x1)->(int32 2x1)	[1905, 200, -1]
GatherV2/CPU-0/(int32 3x1)(int32 1x1)(int32 1x1)->(int32 1x1)	[1903, 200, -1]
Sum/GPU-0/(128x50)(int32 1x1)->(128x1)	[1891, 9, -1]
Merge/GPU-0/(128x50x128)(128x50x128)->(128x50x128)(int32 1x1)	[1890, 18, -1]
All/GPU-0/(boolean 2x1)(int32 1x1)->(boolean 1x1)	[1872, 600, -1]
ScatterSub/GPU-0/(17191x128)(int32 2432x1)(2432x128)->(17191x128)	[1870, 35, -1]
StackPushV2/GPU-0/(tf_resource 1x1)(boolean 128x50)->(boolean 128x50)	[1846, 9, -1]
Sum/GPU-0/(128x39)(int32 1x1)->(128x1)	[1841, 14, -1]
Fill/GPU-0/(int32 2x1)(1x1)->(128x19)	[1834, 36, -1]
L2Loss/GPU-0/(512x1)->(1x1)	[1828, 800, 1535]
ZerosLike/GPU-0/(128x39)->(128x39)	[1826, 14, -1]
Assert/CPU-0/(boolean 1x1)(string 1x1)(string 1x1)(string 1x1)(int32 1x1)(string 1x1)(int32 1x1)->(no output info)	[1824, 300, -1]
Range/GPU-0/(int32 1x1)(int32 1x1)(int32 1x1)->(int32 39x1)	[1822, 86, -1]
Range/GPU-0/(int32 1x1)(int32 1x1)(int32 1x1)->(int32 50x1)	[1811, 36, -1]
Sum/GPU-0/(128x19)(int32 1x1)->(128x1)	[1810, 36, -1]
Shape/GPU-0/(128x1x50)->(int32 3x1)	[1786, 9, -1]
StackPopV2/GPU-0/(tf_resource 1x1)->(128x49)	[1773, 21, -1]
Squeeze/GPU-0/(128x1x19)->(128x19)	[1771, 36, -1]
Enter/GPU-0/(int32 1x1)->(int32 1x1)	[1765, 1100, -1]
ScatterSub/GPU-0/(7709x128)(int32 2432x1)(2432x128)->(7709x128)	[1718, 36, -1]
Add/GPU-0/(128x9x128)(128x9x128)->(128x9x128)	[1690, 22, -1]
Squeeze/GPU-0/(128x1x29)->(128x29)	[1682, 23, -1]
MEMCPYDtoH/GPU-0/(Transfer)->(4 bytes)	[1666, 800, -1]
ScalarSummary/CPU-0/(string 1x1)(1x1)(int32 1x1)->(string 1x1)	[1655, 100, -1]
ApplyGradientDescent/GPU-0/(384x512)(1x1)(int32 1x1)(384x512)->(384x512)	[1623, 100, -1]
ScatterSub/GPU-0/(17191x128)(int32 3712x1)(3712x128)->(17191x128)	[1619, 22, -1]
ExpandDims/GPU-0/(int32 1x1)(int32 1x1)->(int32 1x1)	[1617, 500, -1]
Fill/GPU-0/(int32 2x1)(1x1)->(128x39)	[1602, 14, -1]
Reshape/GPU-0/(1x1)(int32 2x1)->(1x1)	[1582, 100, -1]
MEMCPYHtoD/GPU-0/(Transfer)->(2 bytes)	[1567, 600, -1]
Neg/GPU-0/(int32 1x1)->(int32 1x1)	[1496, 100, 1]
Switch/GPU-0/(128x19x128)(int32 1x1)(boolean 1x1)->(128x19x128)	[1487, 72, -1]
ZerosLike/GPU-0/(128x19)->(128x19)	[1453, 36, -1]
Sub/GPU-0/(128x49)(128x1)->(128x49)	[1448, 7, -1]
ExpandDims/GPU-0/(128x19)(int32 1x1)->(128x1x19)	[1446, 36, -1]
MergeSummary/CPU-0/(string 1x1)(string 1x1)(string 1x1)(string 1x1)->(string 1x1)	[1442, 100, -1]
Switch/GPU-0/(128x29x128)(int32 1x1)(boolean 1x1)->(128x29x128)	[1433, 46, -1]
Merge/GPU-0/(128x49x128)(128x49x128)->(128x49x128)(int32 1x1)	[1429, 14, -1]
ScatterSub/GPU-0/(7709x128)(int32 3712x1)(3712x128)->(7709x128)	[1402, 23, -1]
ExpandDims/GPU-0/(128x29)(int32 1x1)->(128x1x29)	[1392, 23, -1]
Enter/GPU-0/(tf_resource 1x1)(1x1)->(tf_resource 1x1)	[1364, 800, -1]
Less/GPU-0/(int32 51x1)(int32 128x1)->(boolean 128x51)	[1340, 9, -1]
MEMCPYHtoD/GPU-0/(Transfer)->(4 bytes)	[1332, 400, -1]
StackPushV2/GPU-0/(tf_resource 1x1)(boolean 128x49)->(boolean 128x49)	[1320, 7, -1]
MatMul/GPU-0/(2432x128)(2432x128)->(128x128)	[1313, 36, -1]
Squeeze/GPU-0/(128x1x39)->(128x39)	[1304, 14, -1]
Exit/GPU-0/(128x128)->(128x128)	[1281, 1500, -1]
Shape/GPU-0/(128x1x49)->(int32 3x1)	[1273, 7, -1]
StackPopV2/GPU-0/(tf_resource 1x1)->(128x1x19)	[1272, 36, -1]
StackPopV2/GPU-0/(tf_resource 1x1)->(boolean 128x19)	[1270, 36, -1]
Snapshot/GPU-0/(boolean 1x1)->(boolean 1x1)	[1258, 500, -1]
L2Loss/GPU-0/(4992x128)->(1x1)	[1236, 48, -1]
StackPushV2/GPU-0/(tf_resource 1x1)(128x1x29)->(128x1x29)	[1236, 23, -1]
StackPopV2/GPU-0/(tf_resource 1x1)->(128x1x29)	[1230, 23, -1]
Mul/GPU-0/(2432x128)(1x1)->(2432x128)	[1228, 71, -1]
L2Loss/GPU-0/(256x128)->(1x1)	[1225, 200, 98303]
StackPushV2/GPU-0/(tf_resource 1x1)(128x1x19)->(128x1x19)	[1220, 36, -1]
StackPopV2/GPU-0/(tf_resource 1x1)->(boolean 128x29)	[1207, 23, -1]
Squeeze/GPU-0/(128x1x50)->(128x50)	[1197, 9, -1]
MatMul/GPU-0/(3712x128)(3712x128)->(128x128)	[1172, 23, -1]
TensorArrayScatterV3/GPU-0/(tf_resource 1x1)(1x1)(int32 38x1)(38x128x128)(1x1)->(1x1)	[1167, 8, -1]
Mul/GPU-0/(3712x128)(1x1)->(3712x128)	[1165, 45, -1]
Sum/GPU-0/(128x49)(int32 1x1)->(128x1)	[1158, 7, -1]
MatMul/GPU-0/(6400x128)(128x128)->(6400x128)	[1149, 18, -1]
Range/GPU-0/(int32 1x1)(int32 1x1)(int32 1x1)->(int32 49x1)	[1136, 43, -1]
Fill/GPU-0/(int32 2x1)(1x1)->(128x49)	[1134, 7, -1]
NextIteration/GPU-0/(128x19x128)->(128x19x128)	[1132, 72, -1]
NextIteration/CPU-0/(1x1)->(1x1)	[1117, 100, -1]
Switch/GPU-0/(128x39x128)(int32 1x1)(boolean 1x1)->(128x39x128)	[1115, 28, -1]
Mul/GPU-0/(384x512)(1x1)->(384x512)	[1093, 100, 196608]
TensorArrayScatterV3/GPU-0/(tf_resource 1x1)(1x1)(int32 9x1)(9x128x128)(1x1)->(1x1)	[1063, 44, -1]
ZerosLike/GPU-0/(128x49)->(128x49)	[1063, 7, -1]
Reshape/GPU-0/(128x1x19)(int32 2x1)->(128x19)	[1057, 36, -1]
Transpose/GPU-0/(128x19x128)(int32 3x1)->(19x128x128)	[1055, 36, -1]
NextIteration/GPU-0/(128x29x128)->(128x29x128)	[1051, 46, -1]
Const/GPU-0/(no input)->(512x1)	[1046, 400, -1]
ScatterSub/GPU-0/(7709x128)(int32 4992x1)(4992x128)->(7709x128)	[1041, 14, -1]
Enter/GPU-0/(256x512)->(256x512)	[1038, 900, -1]
Reshape/GPU-0/(128x1x29)(int32 2x1)->(128x29)	[1034, 23, -1]
ExpandDims/GPU-0/(128x39)(int32 1x1)->(128x1x39)	[1021, 14, -1]
StackPopV2/GPU-0/(tf_resource 1x1)->(128x1x39)	[993, 14, -1]
Sum/GPU-0/(128x19)(int32 1x1)->(128x19)	[981, 36, -1]
Sum/GPU-0/(128x29)(int32 1x1)->(128x29)	[973, 23, -1]
Switch/GPU-0/(128x50x128)(int32 1x1)(boolean 1x1)->(128x50x128)	[967, 18, -1]
L2Loss/GPU-0/(128x128)->(1x1)	[966, 200, 49151]
Transpose/GPU-0/(128x29x128)(int32 3x1)->(29x128x128)	[961, 23, -1]
Shape/GPU-0/(128x9)->(int32 2x1)	[948, 44, -1]
ScatterSub/GPU-0/(17191x128)(int32 4992x1)(4992x128)->(17191x128)	[948, 10, -1]
StackPopV2/GPU-0/(tf_resource 1x1)->(boolean 128x39)	[936, 14, -1]
Mul/GPU-0/(3712x128)(1x1)(int32 1x1)->(3712x128)	[932, 45, -1]
Mul/GPU-0/(2432x128)(1x1)(int32 1x1)->(2432x128)	[926, 71, -1]
Prod/GPU-0/(int32 1x1)(int32 1x1)->(int32 1x1)	[910, 200, -1]
VariableV2/GPU-0/(no input)->(512x1)	[907, 400, -1]
Enter/GPU-0/(512x1)->(512x1)	[904, 800, -1]
StackPushV2/GPU-0/(tf_resource 1x1)(128x1x39)->(128x1x39)	[900, 14, -1]
StackPopV2/GPU-0/(tf_resource 1x1)->(128x1x50)	[899, 9, -1]
ExpandDims/GPU-0/(128x50)(int32 1x1)->(128x1x50)	[898, 9, -1]
VariableV2/GPU-0/(no input)->(256x512)	[896, 300, -1]
Mul/GPU-0/(128x29x128)(128x29x1)->(128x29x128)	[884, 46, -1]
NoOp/GPU-0/(no input)->(no output info)	[878, 200, -1]
ApplyGradientDescent/GPU-0/(512x1)(1x1)(int32 1x1)(512x1)->(512x1)	[878, 400, -1]
MatMul/GPU-0/(4992x128)(4992x128)->(128x128)	[871, 14, -1]
Softmax/GPU-0/(128x9)->(128x9)	[859, 11, -1]
Max/GPU-0/(int32 128x1)(int32 1x1)->(int32 1x1)	[837, 100, -1]
TensorArrayScatterV3/GPU-0/(tf_resource 1x1)(1x1)(int32 48x1)(48x128x128)(1x1)->(1x1)	[837, 2, -1]
TensorArrayGatherV3/GPU-0/(tf_resource 1x1)(1x1)(int32 49x1)(1x1)->(49x128x128)	[828, 24, -1]
NextIteration/GPU-0/(128x39x128)->(128x39x128)	[825, 28, -1]
Squeeze/GPU-0/(128x1x49)->(128x49)	[824, 7, -1]
Mul/GPU-0/(4992x128)(1x1)->(4992x128)	[824, 24, -1]
StackPushV2/GPU-0/(tf_resource 1x1)(128x1x50)->(128x1x50)	[824, 9, -1]
Const/GPU-0/(no input)->(256x512)	[821, 300, -1]
Merge/GPU-0/(1x1)(1)->(1x1)(int32 1x1)	[821, 100, -1]
Reshape/GPU-0/(128x1x39)(int32 2x1)->(128x39)	[817, 14, -1]
Mul/GPU-0/(128x39x128)(128x39x1)->(128x39x128)	[808, 28, -1]
Fill/GPU-0/(int32 2x1)(1x1)->(128x128)	[807, 200, -1]
StackPopV2/GPU-0/(tf_resource 1x1)->(boolean 128x50)	[794, 9, -1]
Sum/GPU-0/(128x39)(int32 1x1)->(128x39)	[790, 14, -1]
Prod/GPU-0/(int32 2x1)(int32 1x1)->(int32 1x1)	[779, 200, -1]
Transpose/GPU-0/(128x39x128)(int32 3x1)->(39x128x128)	[770, 14, -1]
Mul/GPU-0/(512x1)(1x1)->(512x1)	[766, 400, 512]
TensorArraySizeV3/GPU-0/(tf_resource 1x1)(1x1)(1x1)->(int32 1x1)	[762, 200, -1]
Mul/GPU-0/(128x19x128)(128x19x1)->(128x19x128)	[754, 72, -1]
ScatterSub/GPU-0/(17191x128)(int32 6528x1)(6528x128)->(17191x128)	[748, 9, -1]
Shape/GPU-0/(128x19x128)->(int32 3x1)	[741, 252, -1]
Mul/GPU-0/(1x1)(1x1)->(1x1)	[740, 400, 1]
Shape/CPU-0/(int32 128x1)->(int32 1x1)	[737, 100, -1]
Range/GPU-0/(int32 1x1)(int32 1x1)(int32 1x1)->(int32 9x1)	[732, 77, -1]
Reshape/GPU-0/(128x29)(int32 3x1)->(128x1x29)	[728, 23, -1]
Identity/GPU-0/(int32 128x1)->(int32 128x1)	[727, 100, -1]
AddN/GPU-0/(128x19x128)(128x19x128)->(128x19x128)	[726, 36, -1]
MEMCPYHtoD/GPU-0/(Transfer)->(9728 bytes)	[722, 212, -1]
Shape/GPU-0/(19x128x128)->(int32 3x1)	[721, 141, -1]
Reshape/GPU-0/(128x1x50)(int32 2x1)->(128x50)	[720, 9, -1]
Reshape/GPU-0/(128x19)(int32 3x1)->(128x1x19)	[719, 36, -1]
L2Loss/GPU-0/(6272x128)->(1x1)	[713, 24, -1]
TensorArrayGatherV3/GPU-0/(tf_resource 1x1)(1x1)(int32 50x1)(1x1)->(50x128x128)	[710, 18, -1]
Mul/GPU-0/(4992x128)(1x1)(int32 1x1)->(4992x128)	[701, 24, -1]
NextIteration/GPU-0/(128x50x128)->(128x50x128)	[698, 18, -1]
AddN/GPU-0/(128x29x128)(128x29x128)->(128x29x128)	[693, 23, -1]
StackPushV2/GPU-0/(tf_resource 1x1)(128x9)->(128x9)	[687, 33, -1]
Cast/GPU-0/(int32 1x1)->(1x1)	[685, 200, -1]
Sum/GPU-0/(128x50)(int32 1x1)->(128x50)	[682, 9, -1]
Switch/GPU-0/(128x49x128)(int32 1x1)(boolean 1x1)->(128x49x128)	[674, 14, -1]
Mul/GPU-0/(1x1)(128x9)->(128x9)	[669, 33, -1]
StridedSlice/GPU-0/(int32 3x1)(int32 1x1)(int32 1x1)(int32 1x1)->(int32 2x1)	[662, 100, -1]
Mul/GPU-0/(128x9)(128x9)->(128x9)	[660, 33, -1]
Reciprocal/GPU-0/(1x1)->(1x1)	[650, 200, 1]
Fill/GPU-0/(int32 3x1)(1x1)->(128x19x128)	[647, 72, -1]
ScatterSub/GPU-0/(7709x128)(int32 6400x1)(6400x128)->(7709x128)	[640, 9, -1]
StackPopV2/GPU-0/(tf_resource 1x1)->(128x1x49)	[636, 7, -1]
ExpandDims/GPU-0/(128x49)(int32 1x1)->(128x1x49)	[629, 7, -1]
Shape/GPU-0/(int32 128x1)->(int32 1x1)	[620, 100, -1]
VariableV2/GPU-0/(no input)->(1x1)	[617, 100, -1]
Merge/GPU-0/(1|2|3x1)(1x1)->(1x1)(int32 1x1)	[611, 100, -1]
Reshape/GPU-0/(128x39)(int32 3x1)->(128x1x39)	[610, 14, -1]
Size/CPU-0/(int32 128x1)->(int32 1x1)	[607, 100, -1]
ScatterSub/GPU-0/(7709x128)(int32 6272x1)(6272x128)->(7709x128)	[603, 7, -1]
Transpose/GPU-0/(29x128x128)(int32 3x1)->(128x29x128)	[600, 23, -1]
Sum/GPU-0/(int32 128x19)(int32 128x19)(int32 128x19)(int32 128x1)(int32 128x1)(int32 1x1)->(int32 1x1)	[596, 70, -1]
StridedSlice/GPU-0/(int32 1x1)(int32 1x1)(int32 1x1)(int32 1x1)->(int32 1x1)	[591, 100, -1]
MatMul/GPU-0/(6272x128)(128x128)->(6272x128)	[586, 14, -1]
Transpose/GPU-0/(39x128x128)(int32 3x1)->(128x39x128)	[575, 14, -1]
StackPushV2/GPU-0/(tf_resource 1x1)(128x1x49)->(128x1x49)	[573, 7, -1]
StackPopV2/GPU-0/(tf_resource 1x1)->(boolean 128x49)	[573, 7, -1]
AddN/GPU-0/(128x39x128)(128x39x128)->(128x39x128)	[567, 14, -1]
ScatterSub/GPU-0/(17191x128)(int32 6272x1)(6272x128)->(17191x128)	[567, 5, -1]
MatMul/GPU-0/(6400x128)(6400x128)->(128x128)	[561, 9, -1]
StackPopV2/GPU-0/(tf_resource 1x1)->(128x9)	[557, 33, -1]
L2Loss/GPU-0/(6400x128)->(1x1)	[553, 18, -1]
TensorArrayGatherV3/GPU-0/(tf_resource 1x1)(1x1)(int32 51x1)(1x1)->(51x128x128)	[552, 18, -1]
Shape/GPU-0/(29x128x128)->(int32 3x1)	[545, 89, -1]
Merge/GPU-0/(128x9x128)(128x9x128)->(128x9x128)(int32 1x1)	[530, 22, -1]
Reshape/GPU-0/(128x1x49)(int32 2x1)->(128x49)	[525, 7, -1]
Mul/GPU-0/(6272x128)(1x1)->(6272x128)	[525, 12, -1]
BroadcastGradientArgs/GPU-0/(int32 3x1)(int32 3x1)->(int32 1x1)(int32 1x1)	[522, 100, -1]
MEMCPYDtoD/GPU-0/(Transfer)->(65536 bytes)	[514, 44, -1]
Sum/GPU-0/(128x49)(int32 1x1)->(128x49)	[513, 7, -1]
Reshape/GPU-0/(128x50)(int32 3x1)->(128x1x50)	[513, 9, -1]
Transpose/GPU-0/(128x50x128)(int32 3x1)->(50x128x128)	[501, 9, -1]
MatMul/GPU-0/(1152x128)(128x128)->(1152x128)	[500, 22, -1]
L2Loss/GPU-0/(6528x128)->(1x1)	[499, 18, -1]
MEMCPYHtoD/GPU-0/(Transfer)->(8 bytes)	[497, 200, -1]
Sum/GPU-0/(14x1)(int32 1x1)->(1x1)	[493, 200, 13]
Shape/GPU-0/(128x29x128)->(int32 3x1)	[492, 161, -1]
Exit/GPU-0/(1x1)->(1x1)	[487, 500, -1]
Sqrt/GPU-0/(1x1)->(1x1)	[485, 200, -1]
Pow/GPU-0/(1x1)(1x1)->(1x1)	[484, 100, 1]
Maximum/GPU-0/(int32 1x1)(int32 1x1)->(int32 1x1)	[483, 100, 1]
L2Loss/GPU-0/(1x1)->(1x1)	[483, 200, 2]
_Retval/CPU-0/(int32 1x1)->(no output info)	[478, 400, -1]
NextIteration/GPU-0/(128x49x128)->(128x49x128)	[477, 14, -1]
Less/GPU-0/(int32 38x1)(int32 128x1)->(boolean 128x38)	[477, 4, -1]
Const/CPU-0/(no input)->(int32 2x1)	[466, 100, -1]
Select/GPU-0/(boolean 128x9)(128x9)(128x9)->(128x9)	[465, 22, -1]
ApplyGradientDescent/GPU-0/(256x128)(1x1)(int32 1x1)(256x128)->(256x128)	[457, 100, -1]
Mul/GPU-0/(6272x128)(1x1)(int32 1x1)->(6272x128)	[454, 12, -1]
Mul/GPU-0/(128x50x128)(128x50x1)->(128x50x128)	[451, 18, -1]
Transpose/GPU-0/(int32 128x19)(int32 128x19)(int32 128x19)(int32 128x1)(int32 128x1)(int32 2x1)->(int32 19x128)	[450, 105, -1]
Assert/CPU-0/(boolean 1x1)(string 1x1)(int32 2x1)(int32 2x1)->(no output info)	[442, 500, -1]
MatMul/GPU-0/(6272x128)(6272x128)->(128x128)	[438, 7, -1]
Shape/GPU-0/(19x128)->(int32 2x1)	[431, 105, -1]
GatherV2/GPU-0/(17191x128)(int32 19x128)(int32 1x1)->(19x128x128)	[427, 35, -1]
GatherV2/GPU-0/(17191x128)(int32 29x128)(int32 1x1)->(29x128x128)	[412, 22, -1]
Mul/GPU-0/(6528x128)(1x1)->(6528x128)	[411, 9, -1]
Mul/GPU-0/(6400x128)(1x1)->(6400x128)	[402, 9, -1]
Shape/GPU-0/(128x1x9)->(int32 3x1)	[396, 11, -1]
Switch/GPU-0/(boolean 1x1)(boolean 1x1)->(boolean 1x1)	[391, 200, -1]
Transpose/GPU-0/(128x49x128)(int32 3x1)->(49x128x128)	[388, 7, -1]
Const/CPU-0/(no input)->(int32 1x1)	[387, 200, -1]
Identity/GPU-0/(512x1)->(512x1)	[383, 400, -1]
_Retval/CPU-0/(1x1)->(no output info)	[383, 200, -1]
AssignAdd/CPU-0/(int32 1x1)(int32 1x1)->(int32 1x1)	[382, 100, 1]
GatherV2/GPU-0/(7709x128)(int32 19x128)(int32 1x1)->(19x128x128)	[379, 36, -1]
AddN/GPU-0/(128x50x128)(128x50x128)->(128x50x128)	[377, 9, -1]
ScatterSub/GPU-0/(17191x128)(int32 4864x1)(4864x128)->(17191x128)	[366, 4, -1]
Fill/GPU-0/(int32 3x1)(1x1)->(128x29x128)	[365, 46, -1]
Reshape/GPU-0/(128x49)(int32 3x1)->(128x1x49)	[360, 7, -1]
Fill/GPU-0/(int32 3x1)(1x1)->(128x39x128)	[355, 28, -1]
Mul/GPU-0/(6528x128)(1x1)(int32 1x1)->(6528x128)	[354, 9, -1]
Enter/GPU-0/(384x512)->(384x512)	[352, 300, -1]
Sub/GPU-0/(128x9)(128x1)->(128x9)	[350, 11, -1]
MEMCPYHtoD/GPU-0/(Transfer)->(14848 bytes)	[349, 134, -1]
MEMCPYHtoD/GPU-0/(Transfer)->(1152 bytes)	[346, 44, -1]
Transpose/GPU-0/(19x128x128)(int32 3x1)->(128x19x128)	[346, 36, -1]
Mul/GPU-0/(6400x128)(1x1)(int32 1x1)->(6400x128)	[344, 9, -1]
VariableV2/GPU-0/(no input)->(384x512)	[343, 100, -1]
VariableV2/GPU-0/(no input)->(17191x128)	[340, 100, -1]
All/GPU-0/(boolean 1x1)(int32 1x1)->(boolean 1x1)	[339, 100, -1]
Sum/GPU-0/(int32 128x29)(int32 128x29)(int32 128x29)(int32 128x1)(int32 128x1)(int32 1x1)->(int32 1x1)	[336, 44, -1]
L2Loss/GPU-0/(1152x128)->(1x1)	[333, 44, -1]
Exit/GPU-0/(512x1)->(512x1)	[331, 400, -1]
ApplyGradientDescent/GPU-0/(128x128)(1x1)(int32 1x1)(128x128)->(128x128)	[331, 100, -1]
Identity/GPU-0/(256x512)->(256x512)	[321, 300, -1]
Enter/GPU-0/(256x128)->(256x128)	[320, 300, -1]
GatherV2/GPU-0/(7709x128)(int32 29x128)(int32 1x1)->(29x128x128)	[319, 23, -1]
TensorArrayGatherV3/GPU-0/(tf_resource 1x1)(1x1)(int32 38x1)(1x1)->(38x128x128)	[317, 8, -1]
Minimum/GPU-0/(int32 1x1)(int32 1x1)->(int32 1x1)	[316, 100, 1]
AddN/GPU-0/(128x49x128)(128x49x128)->(128x49x128)	[308, 7, -1]
Sum/GPU-0/(128x9)(int32 2x1)(int32 1x1)->(1x1)	[304, 11, -1]
Shape/GPU-0/(128x39x128)->(int32 3x1)	[298, 98, -1]
Mul/GPU-0/(128x49x128)(128x49x1)->(128x49x128)	[294, 14, -1]
Squeeze/GPU-0/(128x1x9)->(128x9)	[289, 11, -1]
RealDiv/GPU-0/(1x1)(1x1)->(1x1)	[284, 100, 1]
Enter/GPU-0/(128x19x128)->(128x19x128)	[272, 216, -1]
MEMCPYDtoH/GPU-0/(Transfer)->(9728 bytes)	[271, 106, -1]
Enter/GPU-0/(128x128)(int32 1x1)->(128x128)	[270, 100, -1]
Sum/GPU-0/(128x9)(int32 1x1)->(128x1)	[268, 11, -1]
Mul/GPU-0/(256x128)(1x1)->(256x128)	[268, 100, 32768]
Identity/GPU-0/(128x17191)->(128x17191)	[265, 100, -1]
Equal/GPU-0/(int32 1x1)(int32 128x19)(int32 128x19)(int32 128x19)(int32 128x1)(int32 128x1)->(boolean 128x1)	[265, 35, -1]
Exit/GPU-0/(256x512)->(256x512)	[264, 300, -1]
ScatterSub/GPU-0/(17191x128)(int32 1152x1)(1152x128)->(17191x128)	[263, 11, -1]
Shape/GPU-0/(19x128x17191)->(int32 3x1)	[261, 70, -1]
MEMCPYHtoD/GPU-0/(Transfer)->(152 bytes)	[260, 142, -1]
Shape/GPU-0/(29x128)->(int32 2x1)	[253, 66, -1]
Size/GPU-0/(int32 29x128)->(int32 1x1)	[249, 45, -1]
Transpose/GPU-0/(int32 128x39)(int32 128x39)(int32 128x39)(int32 128x1)(int32 128x1)(int32 2x1)->(int32 39x128)	[249, 30, -1]
StackPushV2/GPU-0/(tf_resource 1x1)(boolean 128x9)->(boolean 128x9)	[248, 11, -1]
ZerosLike/GPU-0/(128x9)->(128x9)	[245, 11, -1]
Reshape/GPU-0/(19x128x128)(int32 2x1)->(2432x128)	[245, 106, -1]
Switch/GPU-0/(128x9x128)(int32 1x1)(boolean 1x1)->(128x9x128)	[244, 22, -1]
TensorArrayScatterV3/GPU-0/(tf_resource 1x1)(1x1)(int32 46x1)(46x128x128)(1x1)->(1x1)	[242, 2, -1]
VariableV2/GPU-0/(no input)->(128x17191)	[241, 100, -1]
Const/GPU-0/(no input)->(384x512)	[240, 100, -1]
VariableV2/GPU-0/(no input)->(128x128)	[240, 100, -1]
Fill/GPU-0/(int32 2x1)(1x1)->(128x9)	[240, 11, -1]
Reshape/GPU-0/(int32 19x128)(int32 1x1)->(int32 2432x1)	[238, 106, -1]
Minimum/GPU-0/(1x1)(1x1)->(1x1)	[236, 100, 1]
VariableV2/GPU-0/(no input)->(256x128)	[234, 100, -1]
GatherV2/GPU-0/(7709x128)(int32 39x128)(int32 1x1)->(39x128x128)	[233, 14, -1]
ScatterSub/GPU-0/(7709x128)(int32 1152x1)(1152x128)->(7709x128)	[231, 11, -1]
Shape/GPU-0/(int32 19x128)->(int32 2x1)	[231, 35, -1]
MatMul/GPU-0/(1152x128)(1152x128)->(128x128)	[230, 11, -1]
Shape/GPU-0/(39x128x128)->(int32 3x1)	[228, 44, -1]
VariableV2/GPU-0/(no input)->(7709x128)	[228, 100, -1]
Tile/GPU-0/(1x1)(int32 2x1)->(19x128)	[228, 35, -1]
Const/GPU-0/(no input)->(256x128)	[226, 100, -1]
Shape/GPU-0/(9x128x128)->(int32 3x1)	[224, 44, -1]
Shape/GPU-0/(128x50x128)->(int32 3x1)	[223, 63, -1]
MEMCPYHtoD/GPU-0/(Transfer)->(19968 bytes)	[223, 68, -1]
Enter/GPU-0/(int32 128x1)->(int32 128x1)	[221, 100, -1]
ExpandDims/GPU-0/(int32 128x19)(int32 128x19)(int32 128x19)(int32 128x1)(int32 128x1)(int32 1x1)->(int32 128x1)	[221, 70, -1]
Merge/GPU-0/(1x1)(1|2|3x1)->(1x1)(int32 1x1)	[219, 100, -1]
Switch/GPU-0/(tf_resource 1x1)(1x1)(boolean 1x1)->(tf_resource 1x1)	[214, 100, -1]
Shape/GPU-0/(128x9x128)->(int32 3x1)	[213, 77, -1]
Transpose/GPU-0/(int32 128x29)(int32 128x29)(int32 128x29)(int32 128x1)(int32 128x1)(int32 2x1)->(int32 29x128)	[211, 66, -1]
Cast/GPU-0/(boolean 128x19)->(128x19)	[209, 71, -1]
AddN/GPU-0/(1x1)(1x1)(int32 1x1)->(1x1)	[209, 100, 1]
Exit/GPU-0/(int32 1x1)->(int32 1x1)	[207, 200, -1]
StridedSlice/GPU-0/(19x128x128)(int32 2x1)(int32 2x1)(int32 2x1)->(128x128)	[206, 35, -1]
MEMCPYDtoH/GPU-0/(Transfer)->(14848 bytes)	[206, 67, -1]
_Retval/CPU-0/(1x1)(int32 1x1)->(no output info)	[204, 100, -1]
L2Loss/GPU-0/(4864x128)->(1x1)	[201, 8, -1]
Fill/GPU-0/(int32 3x1)(1x1)->(128x50x128)	[201, 18, -1]
ApplyGradientDescent/GPU-0/(1x1)(1x1)(int32 1x1)(1x1)->(1x1)	[199, 100, -1]
StackPopV2/GPU-0/(tf_resource 1x1)->(128x1x9)	[199, 11, -1]
Transpose/GPU-0/(128x19)(int32 2x1)->(19x128)	[195, 35, -1]
ExpandDims/GPU-0/(128x9)(int32 1x1)->(128x1x9)	[194, 11, -1]
Mul/GPU-0/(19x128)(19x128)->(19x128)	[190, 70, -1]
Enter/GPU-0/(boolean 128x1)->(boolean 128x1)	[190, 100, -1]
TensorArrayScatterV3/GPU-0/(tf_resource 1x1)(1x1)(int32 28x1)(28x128x128)(1x1)->(1x1)	[190, 2, -1]
Identity/CPU-0/(int32 1x1)->(int32 1x1)	[185, 100, -1]
Enter/GPU-0/(128x29x128)->(128x29x128)	[184, 138, -1]
StackPopV2/GPU-0/(tf_resource 1x1)->(boolean 128x9)	[183, 11, -1]
Mul/GPU-0/(1152x128)(1x1)->(1152x128)	[183, 22, -1]
StackPushV2/GPU-0/(tf_resource 1x1)(128x1x9)->(128x1x9)	[177, 11, -1]
Equal/GPU-0/(int32 1x1)(int32 128x29)(int32 128x29)(int32 128x29)(int32 128x1)(int32 128x1)->(boolean 128x1)	[175, 22, -1]
GatherV2/GPU-0/(17191x128)(int32 39x128)(int32 1x1)->(39x128x128)	[172, 10, -1]
NextIteration/GPU-0/(128x9x128)->(128x9x128)	[169, 22, -1]
NoOp/CPU-0/(no input)->(no output info)	[169, 100, -1]
Shape/GPU-0/(39x128)->(int32 2x1)	[168, 30, -1]
Sum/GPU-0/(int32 128x9)(int32 128x9)(int32 128x9)(int32 128x1)(int32 128x1)(int32 1x1)->(int32 1x1)	[168, 22, -1]
Transpose/GPU-0/(128x9x128)(int32 3x1)->(9x128x128)	[162, 11, -1]
Shape/GPU-0/(2432x17191)->(int32 2x1)	[161, 35, -1]
Shape/GPU-0/(2432x1)(2432x17191)->(int32 1x1)	[160, 35, -1]
MEMCPYHtoD/GPU-0/(Transfer)->(24576 bytes)	[160, 4, -1]
Transpose/GPU-0/(50x128x128)(int32 3x1)->(128x50x128)	[159, 9, -1]
Shape/GPU-0/(49x128x128)->(int32 3x1)	[159, 22, -1]
Reshape/GPU-0/(128x1x9)(int32 2x1)->(128x9)	[158, 11, -1]
Sum/GPU-0/(int32 128x39)(int32 128x39)(int32 128x39)(int32 128x1)(int32 128x1)(int32 1x1)->(int32 1x1)	[157, 20, -1]
Reshape/GPU-0/(int32 29x128)(int32 1x1)->(int32 3712x1)	[154, 67, -1]
Transpose/GPU-0/(int32 128x9)(int32 128x9)(int32 128x9)(int32 128x1)(int32 128x1)(int32 2x1)->(int32 9x128)	[153, 33, -1]
Reshape/GPU-0/(29x128x128)(int32 2x1)->(3712x128)	[153, 67, -1]
Shape/GPU-0/(29x128x17191)->(int32 3x1)	[151, 44, -1]
Sum/GPU-0/(int32 128x50)(int32 128x51)(int32 128x51)(int32 128x1)(int32 128x1)(int32 1x1)->(int32 1x1)	[151, 18, -1]
MEMCPYHtoD/GPU-0/(Transfer)->(4608 bytes)	[150, 66, -1]
Sum/GPU-0/(128x9)(int32 1x1)->(128x9)	[150, 11, -1]
Transpose/GPU-0/(9x128x128)(int32 3x1)->(128x9x128)	[145, 11, -1]
Mul/GPU-0/(1152x128)(1x1)(int32 1x1)->(1152x128)	[145, 22, -1]
Cast/GPU-0/(boolean 128x29)->(128x29)	[144, 45, -1]
Shape/GPU-0/(128x49x128)->(int32 3x1)	[143, 49, -1]
Shape/GPU-0/(2432x128)->(int32 2x1)	[139, 36, -1]
Sum/GPU-0/(19x128)(int32 2x1)->(1x1)	[138, 35, -1]
Enter/GPU-0/(int32 128x19)(int32 128x19)(int32 128x19)(int32 128x1)(int32 128x1)->(int32 128x1)	[138, 70, -1]
MEMCPYHtoD/GPU-0/(Transfer)->(25088 bytes)	[135, 34, -1]
Less/GPU-0/(int32 46x1)(int32 128x1)->(boolean 128x46)	[135, 1, -1]
Mul/GPU-0/(29x128)(29x128)->(29x128)	[134, 44, -1]
Switch/CPU-0/(int32 1x1)(boolean 1x1)->(int32 1x1)	[134, 100, -1]
Reshape/GPU-0/(2432x17191)(int32 2x1)->(2432x17191)	[134, 70, -1]
Less/GPU-0/(int32 48x1)(int32 128x1)->(boolean 128x48)	[133, 1, -1]
Mul/GPU-0/(4864x128)(1x1)->(4864x128)	[133, 4, -1]
Identity/GPU-0/(boolean 1x1)->(boolean 1x1)	[132, 100, -1]
MEMCPYDtoH/GPU-0/(Transfer)->(19968 bytes)	[131, 34, -1]
ExpandDims/GPU-0/(int32 128x29)(int32 128x29)(int32 128x29)(int32 128x1)(int32 128x1)(int32 1x1)->(int32 128x1)	[131, 44, -1]
ExpandDims/GPU-0/(2432x1)(int32 1x1)->(2432x1)	[131, 35, -1]
StridedSlice/GPU-0/(29x128x128)(int32 2x1)(int32 2x1)(int32 2x1)->(128x128)	[128, 22, -1]
Identity/GPU-0/(1x1)->(1x1)	[128, 100, -1]
Shape/GPU-0/(int32 29x128)->(int32 2x1)	[127, 22, -1]
Shape/GPU-0/(51x128x128)->(int32 3x1)	[127, 27, -1]
Size/GPU-0/(int32 39x128)->(int32 1x1)	[126, 24, -1]
Reshape/GPU-0/(128x19x128)(int32 2x1)->(2432x128)	[126, 72, -1]
Exit/GPU-0/(256x128)->(256x128)	[126, 100, -1]
Shape/GPU-0/(9x128)->(int32 2x1)	[124, 33, -1]
Reshape/GPU-0/(2432x128)(int32 3x1)->(128x19x128)	[121, 72, -1]
GatherV2/GPU-0/(17191x128)(int32 51x128)(int32 1x1)->(51x128x128)	[120, 9, -1]
Identity/CPU-0/(no output info)->(1x1)	[119, 100, -1]
Mul/GPU-0/(128x9x128)(128x9x1)->(128x9x128)	[117, 22, -1]
Mul/GPU-0/(4864x128)(1x1)(int32 1x1)->(4864x128)	[116, 4, -1]
Const/GPU-0/(no input)->(int32 3x1)	[116, 100, -1]
Tile/GPU-0/(1x1)(int32 2x1)->(29x128)	[114, 22, -1]
Reshape/GPU-0/(2432x1)(2432x17191)(int32 2x1)->(19x128)	[114, 35, -1]
Mul/GPU-0/(39x128)(39x128)->(39x128)	[113, 20, -1]
Shape/GPU-0/(128x19x1)->(int32 3x1)	[113, 36, -1]
Shape/GPU-0/(51x128)->(int32 2x1)	[113, 27, -1]
AddN/GPU-0/(128x9x128)(128x9x128)->(128x9x128)	[113, 11, -1]
Reshape/GPU-0/(128x9)(int32 3x1)->(128x1x9)	[112, 11, -1]
Range/GPU-0/(int32 1x1)(int32 1x1)(int32 1x1)->(int32 51x1)	[112, 27, -1]
Enter/CPU-0/(1x1)->(1x1)	[112, 100, -1]
ScatterSub/GPU-0/(17191x128)(int32 6144x1)(6144x128)->(17191x128)	[112, 1, -1]
Shape/GPU-0/(50x128x128)->(int32 3x1)	[112, 9, -1]
MEMCPYHtoD/GPU-0/(Transfer)->(26112 bytes)	[112, 36, -1]
GatherV2/GPU-0/(17191x128)(int32 9x128)(int32 1x1)->(9x128x128)	[112, 11, -1]
Identity/GPU-0/(256x128)->(256x128)	[111, 100, -1]
GatherV2/GPU-0/(7709x128)(int32 9x128)(int32 1x1)->(9x128x128)	[110, 11, -1]
Transpose/GPU-0/(128x29)(int32 2x1)->(29x128)	[110, 22, -1]
Size/GPU-0/(int32 9x128)->(int32 1x1)	[109, 22, -1]
Assert/CPU-0/(boolean 1x1)(string 1x1)(string 1x1)(string 1x1)(int32 2x1)(string 1x1)(int32 2x1)->(no output info)	[108, 100, -1]
Identity/GPU-0/(384x512)->(384x512)	[106, 100, -1]
Identity/GPU-0/(17191x128)->(17191x128)	[104, 100, -1]
MEMCPYDtoH/GPU-0/(Transfer)->(25088 bytes)	[104, 17, -1]
ScatterSub/GPU-0/(17191x128)(int32 5888x1)(5888x128)->(17191x128)	[100, 1, -1]
Sum/GPU-0/(39x128)(int32 2x1)->(1x1)	[99, 10, -1]
TensorArrayScatterV3/GPU-0/(tf_resource 1x1)(1x1)(int32 18x1)(18x128x128)(1x1)->(1x1)	[96, 2, -1]
Less/GPU-0/(int32 28x1)(int32 128x1)->(boolean 128x28)	[96, 1, -1]
Exit/GPU-0/(384x512)->(384x512)	[94, 100, -1]
Enter/GPU-0/(int32 128x29)(int32 128x29)(int32 128x29)(int32 128x1)(int32 128x1)->(int32 128x1)	[94, 44, -1]
Identity/GPU-0/(7709x128)->(7709x128)	[93, 100, -1]
Shape/GPU-0/(3712x17191)->(int32 2x1)	[93, 22, -1]
Enter/GPU-0/(128x39x128)->(128x39x128)	[92, 84, -1]
Assert/CPU-0/(boolean 1x1)(string 1x1)(int32 1x1)(string 1x1)(int32 1x1)->(no output info)	[91, 100, -1]
Identity/GPU-0/(int32 128x19)(int32 128x19)(int32 128x19)(int32 128x1)(int32 128x1)->(int32 128x1)	[91, 35, -1]
GatherV2/GPU-0/(7709x128)(int32 49x128)(int32 1x1)->(49x128x128)	[91, 7, -1]
Reshape/GPU-0/(39x128x128)(int32 2x1)->(4992x128)	[88, 34, -1]
Enter/GPU-0/(128x50x128)->(128x50x128)	[88, 54, -1]
Shape/GPU-0/(3712x128)->(int32 2x1)	[87, 23, -1]
Shape/GPU-0/(9x128x17191)->(int32 3x1)	[86, 22, -1]
Sum/GPU-0/(51x128)(int32 2x1)->(1x1)	[86, 9, -1]
Less/GPU-0/(int32 18x1)(int32 128x1)->(boolean 128x18)	[85, 1, -1]
Equal/GPU-0/(int32 1x1)(int32 128x39)(int32 128x39)(int32 128x39)(int32 128x1)(int32 128x1)->(boolean 128x1)	[85, 10, -1]
Equal/GPU-0/(int32 1x1)(int32 128x9)(int32 128x9)(int32 128x9)(int32 128x1)(int32 128x1)->(boolean 128x1)	[85, 11, -1]
Enter/GPU-0/(128x9x128)->(128x9x128)	[84, 66, -1]
Sum/GPU-0/(19x128)(int32 1x1)(int32 1x1)->(19x128)	[84, 35, -1]
Sum/GPU-0/(29x128)(int32 2x1)->(1x1)	[84, 22, -1]
Reshape/GPU-0/(128x19)(int32 3x1)->(128x19x1)	[83, 36, -1]
Shape/GPU-0/(3712x1)(3712x17191)->(int32 1x1)	[82, 22, -1]
Reshape/GPU-0/(3712x17191)(int32 2x1)->(3712x17191)	[81, 44, -1]
Reshape/GPU-0/(128x29x128)(int32 2x1)->(3712x128)	[80, 46, -1]
Reshape/GPU-0/(2432x17191)(int32 3x1)->(19x128x17191)	[79, 35, -1]
MEMCPYHtoD/GPU-0/(Transfer)->(25600 bytes)	[79, 18, -1]
GatherV2/GPU-0/(7709x128)(int32 50x128)(int32 1x1)->(50x128x128)	[76, 9, -1]
Reshape/GPU-0/(3712x128)(int32 3x1)->(128x29x128)	[76, 46, -1]
_Retval/CPU-0/(string 1x1)->(no output info)	[75, 100, -1]
Reshape/GPU-0/(int32 39x128)(int32 1x1)->(int32 4992x1)	[75, 34, -1]
Transpose/GPU-0/(int32 128x50)(int32 128x51)(int32 128x51)(int32 128x1)(int32 128x1)(int32 2x1)->(int32 51x128)	[73, 18, -1]
StridedSlice/GPU-0/(39x128x128)(int32 2x1)(int32 2x1)(int32 2x1)->(128x128)	[73, 10, -1]
Shape/GPU-0/(128x29x1)->(int32 3x1)	[72, 23, -1]
MEMCPYDtoH/GPU-0/(Transfer)->(26112 bytes)	[72, 18, -1]
Equal/GPU-0/(int32 1x1)(int32 128x50)(int32 128x51)(int32 128x51)(int32 128x1)(int32 128x1)->(boolean 128x1)	[72, 9, -1]
Sum/GPU-0/(int32 128x49)(int32 128x49)(int32 128x49)(int32 128x1)(int32 128x1)(int32 1x1)->(int32 1x1)	[72, 10, -1]
Fill/GPU-0/(int32 3x1)(1x1)->(128x9x128)	[72, 22, -1]
GatherV2/GPU-0/(17191x128)(int32 49x128)(int32 1x1)->(49x128x128)	[71, 5, -1]
Fill/GPU-0/(int32 3x1)(1x1)->(128x49x128)	[70, 14, -1]
Reshape/GPU-0/(2432x128)(int32 3x1)->(19x128x128)	[70, 35, -1]
Reshape/GPU-0/(int32 9x128)(int32 1x1)->(int32 1152x1)	[69, 33, -1]
TensorArrayGatherV3/GPU-0/(tf_resource 1x1)(1x1)(int32 18x1)(1x1)->(18x128x128)	[69, 2, -1]
Exit/GPU-0/(128x19x128)->(128x19x128)	[69, 72, -1]
Enter/GPU-0/(128x49x128)->(128x49x128)	[69, 42, -1]
Reshape/GPU-0/(3712x1)(3712x17191)(int32 2x1)->(29x128)	[68, 22, -1]
Shape/GPU-0/(6400x128)->(int32 2x1)	[67, 9, -1]
ExpandDims/GPU-0/(int32 128x9)(int32 128x9)(int32 128x9)(int32 128x1)(int32 128x1)(int32 1x1)->(int32 128x1)	[67, 22, -1]
Transpose/GPU-0/(128x39)(int32 2x1)->(39x128)	[67, 10, -1]
ScatterSub/GPU-0/(17191x128)(int32 3584x1)(3584x128)->(17191x128)	[67, 1, -1]
TensorArrayGatherV3/GPU-0/(tf_resource 1x1)(1x1)(int32 48x1)(1x1)->(48x128x128)	[67, 2, -1]
SparseSoftmaxCrossEntropyWithLogits/GPU-0/(3584x17191)(int32 3584x1)->(3584x1)(3584x17191)	[67, 1, -1]
MEMCPYHtoD/GPU-0/(Transfer)->(312 bytes)	[66, 48, -1]
ExpandDims/GPU-0/(3712x1)(int32 1x1)->(3712x1)	[65, 22, -1]
Shape/GPU-0/(39x128x17191)->(int32 3x1)	[64, 20, -1]
Size/GPU-0/(int32 51x128)->(int32 1x1)	[63, 9, -1]
Transpose/GPU-0/(128x9)(int32 2x1)->(9x128)	[63, 11, -1]
Shape/GPU-0/(38x128x128)->(int32 3x1)	[63, 12, -1]
Shape/GPU-0/(int32 9x128)->(int32 2x1)	[62, 11, -1]
Size/GPU-0/(int32 49x128)->(int32 1x1)	[61, 12, -1]
StridedSlice/GPU-0/(9x128x128)(int32 2x1)(int32 2x1)(int32 2x1)->(128x128)	[61, 11, -1]
MEMCPYHtoD/GPU-0/(Transfer)->(392 bytes)	[61, 24, -1]
L2Loss/GPU-0/(6144x128)->(1x1)	[60, 2, -1]
Reshape/GPU-0/(9x128x128)(int32 2x1)->(1152x128)	[60, 33, -1]
Transpose/GPU-0/(int32 128x49)(int32 128x48)(int32 128x48)(int32 128x1)(int32 128x1)(int32 2x1)->(int32 48x128)	[59, 2, -1]
Sum/GPU-0/(int32 128x39)(int32 128x38)(int32 128x38)(int32 128x1)(int32 128x1)(int32 1x1)->(int32 1x1)	[59, 8, -1]
TensorArrayGatherV3/GPU-0/(tf_resource 1x1)(1x1)(int32 46x1)(1x1)->(46x128x128)	[59, 2, -1]
Sum/GPU-0/(128x19x128)(int32 1x1)(int32 1x1)->(128x19x128)	[59, 36, -1]
Shape/GPU-0/(int32 39x128)->(int32 2x1)	[58, 10, -1]
ExpandDims/GPU-0/(int32 128x39)(int32 128x39)(int32 128x39)(int32 128x1)(int32 128x1)(int32 1x1)->(int32 128x1)	[58, 20, -1]
Mul/GPU-0/(51x128)(51x128)->(51x128)	[57, 18, -1]
Tile/GPU-0/(1x1)(int32 2x1)->(9x128)	[57, 11, -1]
Shape/GPU-0/(4992x128)->(int32 2x1)	[57, 14, -1]
Sum/GPU-0/(29x128)(int32 1x1)(int32 1x1)->(29x128)	[56, 22, -1]
L2Loss/GPU-0/(3584x128)->(1x1)	[56, 2, -1]
ExpandDims/GPU-0/(int32 128x50)(int32 128x51)(int32 128x51)(int32 128x1)(int32 128x1)(int32 1x1)->(int32 128x1)	[55, 18, -1]
Identity/GPU-0/(int32 128x19)(int32 128x19)(int32 128x19)(int32 128x1)(int32 128x1)->(1x1)	[54, 35, -1]
Reshape/GPU-0/(128x29)(int32 3x1)->(128x29x1)	[54, 23, -1]
Shape/GPU-0/(51x128x17191)->(int32 3x1)	[54, 18, -1]
Reshape/GPU-0/(3712x17191)(int32 3x1)->(29x128x17191)	[54, 22, -1]
StridedSlice/GPU-0/(51x128x128)(int32 2x1)(int32 2x1)(int32 2x1)->(128x128)	[53, 9, -1]
Shape/GPU-0/(int32 51x128)->(int32 2x1)	[53, 9, -1]
Shape/GPU-0/(49x128)->(int32 2x1)	[52, 15, -1]
Shape/GPU-0/(1152x17191)->(int32 2x1)	[52, 11, -1]
Size/GPU-0/(int32 50x128)->(int32 1x1)	[52, 9, -1]
Identity/GPU-0/(int32 128x29)(int32 128x29)(int32 128x29)(int32 128x1)(int32 128x1)->(int32 128x1)	[51, 22, -1]
Reshape/GPU-0/(19x128)(int32 1x1)->(2432x1)	[50, 35, -1]
Mul/GPU-0/(9x128)(9x128)->(9x128)	[50, 22, -1]
Reshape/GPU-0/(4992x128)(int32 3x1)->(128x39x128)	[50, 28, -1]
MEMCPYDtoH/GPU-0/(Transfer)->(4608 bytes)	[50, 33, -1]
Reshape/GPU-0/(128x39x128)(int32 2x1)->(4992x128)	[49, 28, -1]
ScatterSub/GPU-0/(17191x128)(int32 2304x1)(2304x128)->(17191x128)	[49, 1, -1]
Reshape/GPU-0/(128x19x128)(int32 3x1)->(128x19x128)	[49, 36, -1]
MEMCPYHtoD/GPU-0/(Transfer)->(400 bytes)	[47, 18, -1]
Tile/GPU-0/(1x1)(int32 2x1)->(39x128)	[47, 10, -1]
Reshape/GPU-0/(1152x128)(int32 3x1)->(128x9x128)	[46, 22, -1]
Cast/GPU-0/(boolean 128x39)->(128x39)	[46, 24, -1]
Shape/GPU-0/(38x128x17191)->(int32 3x1)	[46, 8, -1]
Shape/GPU-0/(38x128)->(int32 2x1)	[46, 12, -1]
Reshape/GPU-0/(49x128x128)(int32 2x1)->(6272x128)	[46, 17, -1]
Exit/GPU-0/(128x29x128)->(128x29x128)	[45, 46, -1]
Transpose/GPU-0/(int32 128x49)(int32 128x49)(int32 128x49)(int32 128x1)(int32 128x1)(int32 2x1)->(int32 49x128)	[45, 15, -1]
Range/GPU-0/(int32 1x1)(int32 1x1)(int32 1x1)->(int32 38x1)	[45, 12, -1]
Reshape/GPU-0/(int32 51x128)(int32 1x1)->(int32 6528x1)	[45, 18, -1]
Reshape/GPU-0/(3712x128)(int32 3x1)->(29x128x128)	[44, 22, -1]
Cast/GPU-0/(boolean 128x49)->(128x49)	[44, 12, -1]
Cast/GPU-0/(boolean 128x9)->(128x9)	[43, 22, -1]
Mul/GPU-0/(6144x128)(1x1)->(6144x128)	[43, 1, -1]
Shape/GPU-0/(1152x128)->(int32 2x1)	[43, 11, -1]
Shape/GPU-0/(1152x1)(1152x17191)->(int32 1x1)	[43, 11, -1]
Equal/GPU-0/(int32 1x1)(int32 128x49)(int32 128x49)(int32 128x49)(int32 128x1)(int32 128x1)->(boolean 128x1)	[42, 5, -1]
Shape/GPU-0/(128x39x1)->(int32 3x1)	[42, 14, -1]
Reshape/GPU-0/(128x39)(int32 3x1)->(128x39x1)	[42, 14, -1]
SparseSoftmaxCrossEntropyWithLogits/GPU-0/(5888x17191)(int32 5888x1)->(5888x1)(5888x17191)	[42, 1, -1]
TensorArrayGatherV3/GPU-0/(tf_resource 1x1)(1x1)(int32 28x1)(1x1)->(28x128x128)	[42, 2, -1]
Reshape/GPU-0/(6272x128)(int32 3x1)->(128x49x128)	[41, 14, -1]
Transpose/GPU-0/(128x51)(int32 2x1)->(51x128)	[41, 9, -1]
Cast/GPU-0/(boolean 128x51)->(128x51)	[41, 9, -1]
Sum/GPU-0/(128x29x128)(int32 1x1)(int32 1x1)->(128x29x128)	[40, 23, -1]
MEMCPYHtoD/GPU-0/(Transfer)->(19456 bytes)	[40, 16, -1]
Reshape/GPU-0/(int32 49x128)(int32 1x1)->(int32 6272x1)	[40, 17, -1]
Shape/GPU-0/(6272x128)->(int32 2x1)	[40, 7, -1]
Mul/GPU-0/(5888x128)(1x1)->(5888x128)	[40, 1, -1]
Shape/GPU-0/(4992x17191)->(int32 2x1)	[39, 10, -1]
Reshape/GPU-0/(1152x17191)(int32 2x1)->(1152x17191)	[39, 22, -1]
Transpose/GPU-0/(int32 128x50)(int32 128x51)(int32 128x51)(int32 128x1)(int32 128x1)(int32 2x1)->(int32 50x128)	[38, 9, -1]
Enter/GPU-0/(int32 128x9)(int32 128x9)(int32 128x9)(int32 128x1)(int32 128x1)->(int32 128x1)	[37, 22, -1]
Mul/GPU-0/(6144x128)(1x1)(int32 1x1)->(6144x128)	[37, 1, -1]
Sum/GPU-0/(39x128)(int32 1x1)(int32 1x1)->(39x128)	[37, 10, -1]
L2Loss/GPU-0/(2304x128)->(1x1)	[37, 2, -1]
Sum/GPU-0/(9x128)(int32 2x1)->(1x1)	[37, 11, -1]
Reshape/GPU-0/(6400x128)(int32 3x1)->(128x50x128)	[36, 18, -1]
Shape/GPU-0/(4992x1)(4992x17191)->(int32 1x1)	[36, 10, -1]
Reshape/GPU-0/(4992x17191)(int32 2x1)->(4992x17191)	[36, 20, -1]
Identity/GPU-0/(int32 128x29)(int32 128x29)(int32 128x29)(int32 128x1)(int32 128x1)->(1x1)	[36, 22, -1]
Reshape/GPU-0/(128x9x128)(int32 2x1)->(1152x128)	[35, 22, -1]
Mul/GPU-0/(38x128)(38x128)->(38x128)	[35, 8, -1]
Mul/GPU-0/(5888x128)(1x1)(int32 1x1)->(5888x128)	[35, 1, -1]
Enter/GPU-0/(int32 128x39)(int32 128x39)(int32 128x39)(int32 128x1)(int32 128x1)->(int32 128x1)	[35, 20, -1]
Cast/GPU-0/(boolean 128x48)->(128x48)	[35, 1, -1]
L2Loss/GPU-0/(5888x128)->(1x1)	[34, 2, -1]
Enter/GPU-0/(int32 128x50)(int32 128x51)(int32 128x51)(int32 128x1)(int32 128x1)->(int32 128x1)	[34, 18, -1]
Shape/GPU-0/(128x9x1)->(int32 3x1)	[34, 11, -1]
Equal/GPU-0/(int32 1x1)(int32 128x39)(int32 128x38)(int32 128x38)(int32 128x1)(int32 128x1)->(boolean 128x1)	[34, 4, -1]
Shape/GPU-0/(49x128x17191)->(int32 3x1)	[33, 10, -1]
Mul/GPU-0/(49x128)(49x128)->(49x128)	[33, 10, -1]
Reshape/GPU-0/(128x50x128)(int32 2x1)->(6400x128)	[33, 18, -1]
GatherV2/GPU-0/(17191x128)(int32 28x128)(int32 1x1)->(28x128x128)	[32, 1, -1]
ExpandDims/GPU-0/(1152x1)(int32 1x1)->(1152x1)	[32, 11, -1]
Shape/GPU-0/(6528x17191)->(int32 2x1)	[32, 9, -1]
Shape/GPU-0/(6528x1)(6528x17191)->(int32 1x1)	[31, 9, -1]
Reshape/GPU-0/(51x128x128)(int32 2x1)->(6528x128)	[31, 18, -1]
MEMCPYHtoD/GPU-0/(Transfer)->(408 bytes)	[31, 18, -1]
Reshape/GPU-0/(50x128x128)(int32 2x1)->(6400x128)	[31, 9, -1]
MatMul/GPU-0/(6144x128)(6144x17191)->(128x17191)	[31, 1, -1]
ExpandDims/GPU-0/(4992x1)(int32 1x1)->(4992x1)	[31, 10, -1]
Reshape/GPU-0/(6528x17191)(int32 2x1)->(6528x17191)	[30, 18, -1]
Exit/GPU-0/(128x49x128)->(128x49x128)	[30, 14, -1]
MEMCPYDtoH/GPU-0/(Transfer)->(19456 bytes)	[30, 8, -1]
Reshape/GPU-0/(29x128)(int32 1x1)->(3712x1)	[29, 22, -1]
MatMul/GPU-0/(6272x128)(6272x17191)->(128x17191)	[29, 5, -1]
Reshape/GPU-0/(128x29x128)(int32 3x1)->(128x29x128)	[29, 23, -1]
ExpandDims/GPU-0/(int32 128x49)(int32 128x49)(int32 128x49)(int32 128x1)(int32 128x1)(int32 1x1)->(int32 128x1)	[29, 10, -1]
Reshape/GPU-0/(6272x17191)(int32 3x1)->(49x128x17191)	[28, 5, -1]
Cast/GPU-0/(boolean 128x50)->(128x50)	[28, 9, -1]
Exit/GPU-0/(128x39x128)->(128x39x128)	[28, 28, -1]
Shape/GPU-0/(int32 49x128)->(int32 2x1)	[28, 5, -1]
Transpose/GPU-0/(49x128x128)(int32 3x1)->(128x49x128)	[28, 7, -1]
StridedSlice/GPU-0/(49x128x128)(int32 2x1)(int32 2x1)(int32 2x1)->(128x128)	[27, 5, -1]
Sum/GPU-0/(9x128)(int32 1x1)(int32 1x1)->(9x128)	[27, 11, -1]
Enter/GPU-0/(int32 128x39)(int32 128x38)(int32 128x38)(int32 128x1)(int32 128x1)->(int32 128x1)	[27, 8, -1]
Shape/GPU-0/(4864x17191)->(int32 2x1)	[27, 4, -1]
Tile/GPU-0/(1x1)(int32 2x1)->(51x128)	[27, 9, -1]
Reshape/GPU-0/(1152x1)(1152x17191)(int32 2x1)->(9x128)	[26, 11, -1]
Shape/GPU-0/(128x50x1)->(int32 3x1)	[26, 9, -1]
Shape/GPU-0/(28x128x128)->(int32 3x1)	[26, 3, -1]
MEMCPYDtoH/GPU-0/(Transfer)->(25600 bytes)	[26, 9, -1]
ExpandDims/GPU-0/(6528x1)(int32 1x1)->(6528x1)	[26, 9, -1]
SparseSoftmaxCrossEntropyWithLogits/GPU-0/(6144x17191)(int32 6144x1)->(6144x1)(6144x17191)	[25, 1, -1]
Identity/GPU-0/(int32 128x9)(int32 128x9)(int32 128x9)(int32 128x1)(int32 128x1)->(int32 128x1)	[25, 11, -1]
Mul/GPU-0/(3584x128)(1x1)->(3584x128)	[25, 1, -1]
Reshape/GPU-0/(4992x1)(4992x17191)(int32 2x1)->(39x128)	[25, 10, -1]
Reshape/GPU-0/(128x9)(int32 3x1)->(128x9x1)	[25, 11, -1]
Reshape/GPU-0/(6528x1)(6528x17191)(int32 2x1)->(51x128)	[24, 9, -1]
StridedSlice/GPU-0/(38x128x128)(int32 2x1)(int32 2x1)(int32 2x1)->(128x128)	[24, 4, -1]
Sum/GPU-0/(51x128)(int32 1x1)(int32 1x1)->(51x128)	[24, 9, -1]
Reshape/GPU-0/(128x49x128)(int32 2x1)->(6272x128)	[23, 14, -1]
Reshape/GPU-0/(1152x17191)(int32 3x1)->(9x128x17191)	[23, 11, -1]
Reshape/GPU-0/(128x50)(int32 3x1)->(128x50x1)	[23, 9, -1]
Shape/GPU-0/(int32 38x128)->(int32 2x1)	[22, 4, -1]
Sum/GPU-0/(49x128)(int32 2x1)->(1x1)	[22, 5, -1]
Reshape/GPU-0/(4992x17191)(int32 3x1)->(39x128x17191)	[22, 10, -1]
GatherV2/GPU-0/(17191x128)(int32 18x128)(int32 1x1)->(18x128x128)	[22, 1, -1]
Reshape/GPU-0/(1152x128)(int32 3x1)->(9x128x128)	[22, 11, -1]
Sum/GPU-0/(128x39x128)(int32 1x1)(int32 1x1)->(128x39x128)	[22, 14, -1]
ExpandDims/GPU-0/(int32 128x39)(int32 128x38)(int32 128x38)(int32 128x1)(int32 128x1)(int32 1x1)->(int32 128x1)	[21, 8, -1]
Identity/GPU-0/(int32 128x39)(int32 128x39)(int32 128x39)(int32 128x1)(int32 128x1)->(int32 128x1)	[21, 10, -1]
Exit/GPU-0/(128x9x128)->(128x9x128)	[21, 22, -1]
Shape/GPU-0/(128x49x1)->(int32 3x1)	[21, 7, -1]
Transpose/GPU-0/(128x38)(int32 2x1)->(38x128)	[21, 4, -1]
Enter/GPU-0/(int32 128x49)(int32 128x49)(int32 128x49)(int32 128x1)(int32 128x1)->(int32 128x1)	[21, 10, -1]
Transpose/GPU-0/(128x49)(int32 2x1)->(49x128)	[21, 5, -1]
Reshape/GPU-0/(4992x128)(int32 3x1)->(39x128x128)	[20, 10, -1]
Reshape/GPU-0/(9x128)(int32 1x1)->(1152x1)	[20, 11, -1]
Mul/GPU-0/(3584x128)(1x1)(int32 1x1)->(3584x128)	[20, 1, -1]
Reshape/GPU-0/(int32 38x128)(int32 1x1)->(int32 4864x1)	[20, 8, -1]
Identity/GPU-0/(int32 128x50)(int32 128x51)(int32 128x51)(int32 128x1)(int32 128x1)->(int32 128x1)	[20, 9, -1]
Sum/GPU-0/(38x128)(int32 2x1)->(1x1)	[20, 4, -1]
Sum/GPU-0/(128x9x128)(int32 1x1)(int32 1x1)->(128x9x128)	[19, 11, -1]
Transpose/GPU-0/(int32 128x39)(int32 128x38)(int32 128x38)(int32 128x1)(int32 128x1)(int32 2x1)->(int32 38x128)	[19, 8, -1]
Reshape/GPU-0/(6528x17191)(int32 3x1)->(51x128x17191)	[19, 9, -1]
Reshape/GPU-0/(int32 50x128)(int32 1x1)->(int32 6400x1)	[19, 9, -1]
MEMCPYHtoD/GPU-0/(Transfer)->(304 bytes)	[18, 8, -1]
Size/GPU-0/(int32 38x128)->(int32 1x1)	[18, 4, -1]
MEMCPYHtoD/GPU-0/(Transfer)->(23552 bytes)	[18, 4, -1]
Shape/GPU-0/(6272x17191)->(int32 2x1)	[18, 5, -1]
Sum/GPU-0/(int32 128x19)(int32 128x18)(int32 128x18)(int32 128x1)(int32 128x1)(int32 1x1)->(int32 1x1)	[17, 2, -1]
Tile/GPU-0/(1x1)(int32 2x1)->(38x128)	[17, 4, -1]
Shape/GPU-0/(4864x1)(4864x17191)->(int32 1x1)	[17, 4, -1]
Reshape/GPU-0/(6272x17191)(int32 2x1)->(6272x17191)	[17, 10, -1]
Reshape/GPU-0/(6528x128)(int32 3x1)->(51x128x128)	[17, 9, -1]
Reshape/GPU-0/(128x39x128)(int32 3x1)->(128x39x128)	[17, 14, -1]
Identity/GPU-0/(int32 128x39)(int32 128x39)(int32 128x39)(int32 128x1)(int32 128x1)->(1x1)	[17, 10, -1]
Identity/GPU-0/(int32 128x9)(int32 128x9)(int32 128x9)(int32 128x1)(int32 128x1)->(1x1)	[16, 11, -1]
Sum/GPU-0/(128x50x128)(int32 1x1)(int32 1x1)->(128x50x128)	[16, 9, -1]
MEMCPYHtoD/GPU-0/(Transfer)->(6528 bytes)	[16, 9, -1]
Shape/GPU-0/(6272x1)(6272x17191)->(int32 1x1)	[16, 5, -1]
Exit/GPU-0/(128x50x128)->(128x50x128)	[16, 18, -1]
Sum/GPU-0/(int32 128x49)(int32 128x46)(int32 128x46)(int32 128x1)(int32 128x1)(int32 1x1)->(int32 1x1)	[16, 2, -1]
Tile/GPU-0/(1x1)(int32 2x1)->(49x128)	[16, 5, -1]
Reshape/GPU-0/(128x9x128)(int32 3x1)->(128x9x128)	[16, 11, -1]
Mul/GPU-0/(2304x128)(1x1)->(2304x128)	[15, 1, -1]
Sum/GPU-0/(int32 128x49)(int32 128x48)(int32 128x48)(int32 128x1)(int32 128x1)(int32 1x1)->(int32 1x1)	[15, 2, -1]
Reshape/GPU-0/(38x128x128)(int32 2x1)->(4864x128)	[15, 8, -1]
Reshape/GPU-0/(128x49)(int32 3x1)->(128x49x1)	[15, 7, -1]
Identity/GPU-0/(int32 128x50)(int32 128x51)(int32 128x51)(int32 128x1)(int32 128x1)->(1x1)	[15, 9, -1]
Reshape/GPU-0/(51x128)(int32 1x1)->(6528x1)	[14, 9, -1]
Reshape/GPU-0/(39x128)(int32 1x1)->(4992x1)	[14, 10, -1]
ExpandDims/GPU-0/(6272x1)(int32 1x1)->(6272x1)	[14, 5, -1]
Shape/GPU-0/(int32 28x128)->(int32 2x1)	[13, 1, -1]
Mul/GPU-0/(2304x128)(1x1)(int32 1x1)->(2304x128)	[13, 1, -1]
Cast/GPU-0/(boolean 128x38)->(128x38)	[13, 4, -1]
Shape/GPU-0/(46x128x128)->(int32 3x1)	[13, 3, -1]
Reshape/GPU-0/(128x50x128)(int32 3x1)->(128x50x128)	[12, 9, -1]
Sum/GPU-0/(49x128)(int32 1x1)(int32 1x1)->(49x128)	[12, 5, -1]
Sum/GPU-0/(int32 128x29)(int32 128x28)(int32 128x28)(int32 128x1)(int32 128x1)(int32 1x1)->(int32 1x1)	[12, 2, -1]
Sum/GPU-0/(38x128)(int32 1x1)(int32 1x1)->(38x128)	[12, 4, -1]
Shape/GPU-0/(28x128)->(int32 2x1)	[12, 3, -1]
Reshape/GPU-0/(6272x1)(6272x17191)(int32 2x1)->(49x128)	[12, 5, -1]
Reshape/GPU-0/(4864x17191)(int32 2x1)->(4864x17191)	[12, 8, -1]
ExpandDims/GPU-0/(4864x1)(int32 1x1)->(4864x1)	[12, 4, -1]
Range/GPU-0/(int32 1x1)(int32 1x1)(int32 1x1)->(int32 48x1)	[11, 3, -1]
Shape/GPU-0/(48x128x128)->(int32 3x1)	[11, 3, -1]
Reshape/GPU-0/(4864x1)(4864x17191)(int32 2x1)->(38x128)	[11, 4, -1]
Transpose/GPU-0/(int32 128x29)(int32 128x28)(int32 128x28)(int32 128x1)(int32 128x1)(int32 2x1)->(int32 29x128)	[11, 1, -1]
Identity/GPU-0/(int32 128x49)(int32 128x49)(int32 128x49)(int32 128x1)(int32 128x1)->(int32 128x1)	[11, 5, -1]
Shape/GPU-0/(48x128)->(int32 2x1)	[11, 3, -1]
Range/GPU-0/(int32 1x1)(int32 1x1)(int32 1x1)->(int32 28x1)	[11, 3, -1]
Range/GPU-0/(int32 1x1)(int32 1x1)(int32 1x1)->(int32 18x1)	[10, 3, -1]
Shape/GPU-0/(int32 48x128)->(int32 2x1)	[10, 1, -1]
Identity/GPU-0/(int32 128x39)(int32 128x38)(int32 128x38)(int32 128x1)(int32 128x1)->(int32 128x1)	[10, 4, -1]
MatMul/GPU-0/(6272x17191)(128x17191)->(6272x128)	[10, 5, -1]
Range/GPU-0/(int32 1x1)(int32 1x1)(int32 1x1)->(int32 46x1)	[10, 3, -1]
Shape/GPU-0/(18x128x128)->(int32 3x1)	[10, 3, -1]
Shape/GPU-0/(46x128)->(int32 2x1)	[9, 3, -1]
Sum/GPU-0/(128x49x128)(int32 1x1)(int32 1x1)->(128x49x128)	[9, 7, -1]
Shape/GPU-0/(18x128)->(int32 2x1)	[9, 3, -1]
MEMCPYHtoD/GPU-0/(Transfer)->(14336 bytes)	[9, 4, -1]
MEMCPYHtoD/GPU-0/(Transfer)->(4864 bytes)	[9, 4, -1]
GatherV2/GPU-0/(17191x128)(int32 38x128)(int32 1x1)->(38x128x128)	[9, 4, -1]
Equal/GPU-0/(int32 1x1)(int32 128x29)(int32 128x28)(int32 128x28)(int32 128x1)(int32 128x1)->(boolean 128x1)	[8, 1, -1]
Transpose/GPU-0/(int32 128x19)(int32 128x18)(int32 128x18)(int32 128x1)(int32 128x1)(int32 2x1)->(int32 18x128)	[8, 2, -1]
Reshape/GPU-0/(128x49x128)(int32 3x1)->(128x49x128)	[8, 7, -1]
MEMCPYDtoH/GPU-0/(Transfer)->(24576 bytes)	[8, 2, -1]
Reshape/GPU-0/(4864x128)(int32 3x1)->(38x128x128)	[8, 4, -1]
Equal/GPU-0/(int32 1x1)(int32 128x49)(int32 128x48)(int32 128x48)(int32 128x1)(int32 128x1)->(boolean 128x1)	[8, 1, -1]
Equal/GPU-0/(int32 1x1)(int32 128x49)(int32 128x46)(int32 128x46)(int32 128x1)(int32 128x1)->(boolean 128x1)	[8, 1, -1]
Identity/GPU-0/(int32 128x39)(int32 128x38)(int32 128x38)(int32 128x1)(int32 128x1)->(1x1)	[7, 4, -1]
Reshape/GPU-0/(4864x17191)(int32 3x1)->(38x128x17191)	[7, 4, -1]
Identity/GPU-0/(int32 128x49)(int32 128x49)(int32 128x49)(int32 128x1)(int32 128x1)->(1x1)	[7, 5, -1]
Shape/GPU-0/(28x128x17191)->(int32 3x1)	[7, 2, -1]
Transpose/GPU-0/(int32 128x39)(int32 128x38)(int32 128x38)(int32 128x1)(int32 128x1)(int32 2x1)->(int32 39x128)	[7, 4, -1]
Reshape/GPU-0/(6272x128)(int32 3x1)->(49x128x128)	[7, 5, -1]
StridedSlice/GPU-0/(48x128x128)(int32 2x1)(int32 2x1)(int32 2x1)->(128x128)	[7, 1, -1]
Tile/GPU-0/(1x1)(int32 2x1)->(18x128)	[7, 1, -1]
Reshape/GPU-0/(49x128)(int32 1x1)->(6272x1)	[6, 5, -1]
ExpandDims/GPU-0/(int32 128x29)(int32 128x28)(int32 128x28)(int32 128x1)(int32 128x1)(int32 1x1)->(int32 128x1)	[6, 2, -1]
StridedSlice/GPU-0/(28x128x128)(int32 2x1)(int32 2x1)(int32 2x1)->(128x128)	[6, 1, -1]
Equal/GPU-0/(int32 1x1)(int32 128x19)(int32 128x18)(int32 128x18)(int32 128x1)(int32 128x1)->(boolean 128x1)	[6, 1, -1]
Transpose/GPU-0/(int32 128x49)(int32 128x46)(int32 128x46)(int32 128x1)(int32 128x1)(int32 2x1)->(int32 49x128)	[6, 1, -1]
Transpose/GPU-0/(128x28)(int32 2x1)->(28x128)	[6, 1, -1]
Size/GPU-0/(int32 28x128)->(int32 1x1)	[6, 1, -1]
Reshape/GPU-0/(int32 28x128)(int32 1x1)->(int32 3584x1)	[6, 2, -1]
Shape/GPU-0/(48x128x17191)->(int32 3x1)	[6, 2, -1]
StridedSlice/GPU-0/(46x128x128)(int32 2x1)(int32 2x1)(int32 2x1)->(128x128)	[5, 1, -1]
StridedSlice/GPU-0/(18x128x128)(int32 2x1)(int32 2x1)(int32 2x1)->(128x128)	[5, 1, -1]
MEMCPYDtoH/GPU-0/(Transfer)->(23552 bytes)	[5, 2, -1]
Transpose/GPU-0/(int32 128x49)(int32 128x46)(int32 128x46)(int32 128x1)(int32 128x1)(int32 2x1)->(int32 46x128)	[5, 2, -1]
Shape/GPU-0/(int32 46x128)->(int32 2x1)	[5, 1, -1]
Size/GPU-0/(int32 48x128)->(int32 1x1)	[5, 1, -1]
Size/GPU-0/(int32 18x128)->(int32 1x1)	[5, 1, -1]
Enter/GPU-0/(int32 128x29)(int32 128x28)(int32 128x28)(int32 128x1)(int32 128x1)->(int32 128x1)	[5, 2, -1]
Shape/GPU-0/(2304x17191)->(int32 2x1)	[5, 1, -1]
Mul/GPU-0/(46x128)(46x128)->(46x128)	[5, 2, -1]
Mul/GPU-0/(28x128)(28x128)->(28x128)	[5, 2, -1]
Shape/GPU-0/(int32 18x128)->(int32 2x1)	[5, 1, -1]
Sum/GPU-0/(48x128)(int32 2x1)->(1x1)	[5, 1, -1]
MEMCPYHtoD/GPU-0/(Transfer)->(9216 bytes)	[5, 4, -1]
ExpandDims/GPU-0/(int32 128x49)(int32 128x48)(int32 128x48)(int32 128x1)(int32 128x1)(int32 1x1)->(int32 128x1)	[5, 2, -1]
ExpandDims/GPU-0/(int32 128x49)(int32 128x46)(int32 128x46)(int32 128x1)(int32 128x1)(int32 1x1)->(int32 128x1)	[5, 2, -1]
ExpandDims/GPU-0/(int32 128x19)(int32 128x18)(int32 128x18)(int32 128x1)(int32 128x1)(int32 1x1)->(int32 128x1)	[4, 2, -1]
MEMCPYHtoD/GPU-0/(Transfer)->(368 bytes)	[4, 2, -1]
Size/GPU-0/(int32 46x128)->(int32 1x1)	[4, 1, -1]
Reshape/GPU-0/(46x128x128)(int32 2x1)->(5888x128)	[4, 2, -1]
Transpose/GPU-0/(128x18)(int32 2x1)->(18x128)	[4, 1, -1]
Enter/GPU-0/(int32 128x19)(int32 128x18)(int32 128x18)(int32 128x1)(int32 128x1)->(int32 128x1)	[4, 2, -1]
Shape/GPU-0/(5888x17191)->(int32 2x1)	[4, 1, -1]
Reshape/GPU-0/(6144x17191)(int32 2x1)->(6144x17191)	[4, 2, -1]
Mul/GPU-0/(48x128)(48x128)->(48x128)	[4, 2, -1]
Shape/GPU-0/(6144x1)(6144x17191)->(int32 1x1)	[4, 1, -1]
Shape/GPU-0/(5888x1)(5888x17191)->(int32 1x1)	[4, 1, -1]
Enter/GPU-0/(int32 128x49)(int32 128x48)(int32 128x48)(int32 128x1)(int32 128x1)->(int32 128x1)	[4, 2, -1]
Mul/GPU-0/(18x128)(18x128)->(18x128)	[4, 2, -1]
Reshape/GPU-0/(3584x17191)(int32 2x1)->(3584x17191)	[4, 2, -1]
Shape/GPU-0/(6144x17191)->(int32 2x1)	[4, 1, -1]
ExpandDims/GPU-0/(3584x1)(int32 1x1)->(3584x1)	[4, 1, -1]
Shape/GPU-0/(3584x1)(3584x17191)->(int32 1x1)	[4, 1, -1]
Reshape/GPU-0/(int32 18x128)(int32 1x1)->(int32 2304x1)	[4, 2, -1]
Sum/GPU-0/(28x128)(int32 2x1)->(1x1)	[4, 1, -1]
Enter/GPU-0/(int32 128x49)(int32 128x46)(int32 128x46)(int32 128x1)(int32 128x1)->(int32 128x1)	[4, 2, -1]
Shape/GPU-0/(18x128x17191)->(int32 3x1)	[4, 2, -1]
MEMCPYHtoD/GPU-0/(Transfer)->(384 bytes)	[4, 2, -1]
Reshape/GPU-0/(18x128x128)(int32 2x1)->(2304x128)	[4, 2, -1]
Reshape/GPU-0/(int32 48x128)(int32 1x1)->(int32 6144x1)	[4, 2, -1]
Shape/GPU-0/(46x128x17191)->(int32 3x1)	[4, 2, -1]
Reshape/GPU-0/(38x128)(int32 1x1)->(4864x1)	[4, 4, -1]
GatherV2/GPU-0/(17191x128)(int32 48x128)(int32 1x1)->(48x128x128)	[3, 1, -1]
Reshape/GPU-0/(int32 46x128)(int32 1x1)->(int32 5888x1)	[3, 2, -1]
Cast/GPU-0/(boolean 128x46)->(128x46)	[3, 1, -1]
Sum/GPU-0/(18x128)(int32 2x1)->(1x1)	[3, 1, -1]
Transpose/GPU-0/(int32 128x49)(int32 128x48)(int32 128x48)(int32 128x1)(int32 128x1)(int32 2x1)->(int32 49x128)	[3, 1, -1]
Reshape/GPU-0/(48x128x128)(int32 2x1)->(6144x128)	[3, 2, -1]
Shape/GPU-0/(2304x1)(2304x17191)->(int32 1x1)	[3, 1, -1]
Transpose/GPU-0/(128x46)(int32 2x1)->(46x128)	[3, 1, -1]
Transpose/GPU-0/(128x48)(int32 2x1)->(48x128)	[3, 1, -1]
Sum/GPU-0/(46x128)(int32 2x1)->(1x1)	[3, 1, -1]
ExpandDims/GPU-0/(6144x1)(int32 1x1)->(6144x1)	[3, 1, -1]
MatMul/GPU-0/(3584x128)(128x17191)->(3584x17191)	[3, 1, -1]
Transpose/GPU-0/(int32 128x29)(int32 128x28)(int32 128x28)(int32 128x1)(int32 128x1)(int32 2x1)->(int32 28x128)	[3, 2, -1]
Reshape/GPU-0/(28x128x128)(int32 2x1)->(3584x128)	[3, 2, -1]
Mul/GPU-0/(3584x1)(3584x17191)->(3584x17191)	[3, 1, -1]
Reshape/GPU-0/(3584x1)(3584x17191)(int32 2x1)->(28x128)	[3, 1, -1]
Tile/GPU-0/(1x1)(int32 2x1)->(28x128)	[3, 1, -1]
MEMCPYHtoD/GPU-0/(Transfer)->(224 bytes)	[3, 2, -1]
Reshape/GPU-0/(2304x1)(2304x17191)(int32 2x1)->(18x128)	[2, 1, -1]
Identity/GPU-0/(int32 128x49)(int32 128x46)(int32 128x46)(int32 128x1)(int32 128x1)->(int32 128x1)	[2, 1, -1]
MatMul/GPU-0/(3584x128)(3584x17191)->(128x17191)	[2, 1, -1]
Reshape/GPU-0/(2304x17191)(int32 3x1)->(18x128x17191)	[2, 1, -1]
Reshape/GPU-0/(3584x17191)(int32 3x1)->(28x128x17191)	[2, 1, -1]
ExpandDims/GPU-0/(2304x1)(int32 1x1)->(2304x1)	[2, 1, -1]
Reshape/GPU-0/(5888x128)(int32 3x1)->(46x128x128)	[2, 1, -1]
Identity/GPU-0/(int32 128x19)(int32 128x18)(int32 128x18)(int32 128x1)(int32 128x1)->(int32 128x1)	[2, 1, -1]
ExpandDims/GPU-0/(5888x1)(int32 1x1)->(5888x1)	[2, 1, -1]
Reshape/GPU-0/(5888x17191)(int32 3x1)->(46x128x17191)	[2, 1, -1]
MEMCPYDtoH/GPU-0/(Transfer)->(14336 bytes)	[2, 2, -1]
Transpose/GPU-0/(int32 128x19)(int32 128x18)(int32 128x18)(int32 128x1)(int32 128x1)(int32 2x1)->(int32 19x128)	[2, 1, -1]
Reshape/GPU-0/(3584x128)(int32 3x1)->(28x128x128)	[2, 1, -1]
MatMul/GPU-0/(6144x17191)(128x17191)->(6144x128)	[2, 1, -1]
Reshape/GPU-0/(2304x17191)(int32 2x1)->(2304x17191)	[2, 2, -1]
Reshape/GPU-0/(2304x128)(int32 3x1)->(18x128x128)	[2, 1, -1]
MEMCPYDtoH/GPU-0/(Transfer)->(9216 bytes)	[2, 2, -1]
Sum/GPU-0/(46x128)(int32 1x1)(int32 1x1)->(46x128)	[2, 1, -1]
Reshape/GPU-0/(5888x17191)(int32 2x1)->(5888x17191)	[2, 2, -1]
MatMul/GPU-0/(3584x17191)(128x17191)->(3584x128)	[2, 1, -1]
MEMCPYHtoD/GPU-0/(Transfer)->(144 bytes)	[2, 2, -1]
Sum/GPU-0/(48x128)(int32 1x1)(int32 1x1)->(48x128)	[2, 1, -1]
GatherV2/GPU-0/(17191x128)(int32 46x128)(int32 1x1)->(46x128x128)	[2, 1, -1]
Reshape/GPU-0/(5888x1)(5888x17191)(int32 2x1)->(46x128)	[2, 1, -1]
Reshape/GPU-0/(6144x1)(6144x17191)(int32 2x1)->(48x128)	[2, 1, -1]
Shape/GPU-0/(3584x17191)->(int32 2x1)	[2, 1, -1]
Sum/GPU-0/(18x128)(int32 1x1)(int32 1x1)->(18x128)	[2, 1, -1]
Identity/GPU-0/(int32 128x29)(int32 128x28)(int32 128x28)(int32 128x1)(int32 128x1)->(int32 128x1)	[2, 1, -1]
Mul/GPU-0/(6144x1)(6144x17191)->(6144x17191)	[2, 1, -1]
Reshape/GPU-0/(6144x128)(int32 3x1)->(48x128x128)	[2, 1, -1]
Tile/GPU-0/(1x1)(int32 2x1)->(48x128)	[2, 1, -1]
Sum/GPU-0/(28x128)(int32 1x1)(int32 1x1)->(28x128)	[2, 1, -1]
Cast/GPU-0/(boolean 128x18)->(128x18)	[2, 1, -1]
Reshape/GPU-0/(6144x17191)(int32 3x1)->(48x128x17191)	[2, 1, -1]
Reshape/GPU-0/(18x128)(int32 1x1)->(2304x1)	[2, 1, -1]
Cast/GPU-0/(boolean 128x28)->(128x28)	[2, 1, -1]
Identity/GPU-0/(int32 128x49)(int32 128x48)(int32 128x48)(int32 128x1)(int32 128x1)->(1x1)	[2, 1, -1]
Tile/GPU-0/(1x1)(int32 2x1)->(46x128)	[1, 1, -1]
Mul/GPU-0/(5888x1)(5888x17191)->(5888x17191)	[1, 1, -1]
Reshape/GPU-0/(46x128)(int32 1x1)->(5888x1)	[1, 1, -1]
Identity/GPU-0/(int32 128x49)(int32 128x48)(int32 128x48)(int32 128x1)(int32 128x1)->(int32 128x1)	[1, 1, -1]
Identity/GPU-0/(int32 128x19)(int32 128x18)(int32 128x18)(int32 128x1)(int32 128x1)->(1x1)	[1, 1, -1]
MEMCPYHtoD/GPU-0/(Transfer)->(6144 bytes)	[1, 1, -1]
MEMCPYHtoD/GPU-0/(Transfer)->(2304 bytes)	[1, 1, -1]
MatMul/GPU-0/(5888x17191)(128x17191)->(5888x128)	[1, 1, -1]
Reshape/GPU-0/(28x128)(int32 1x1)->(3584x1)	[1, 1, -1]
MatMul/GPU-0/(6144x128)(128x17191)->(6144x17191)	[1, 1, -1]
MEMCPYHtoD/GPU-0/(Transfer)->(5888 bytes)	[1, 1, -1]
Reshape/GPU-0/(48x128)(int32 1x1)->(6144x1)	[1, 1, -1]
Identity/GPU-0/(int32 128x29)(int32 128x28)(int32 128x28)(int32 128x1)(int32 128x1)->(1x1)	[1, 1, -1]
MEMCPYHtoD/GPU-0/(Transfer)->(3584 bytes)	[1, 1, -1]
Identity/GPU-0/(int32 128x49)(int32 128x46)(int32 128x46)(int32 128x1)(int32 128x1)->(1x1)	[1, 1, -1]
