gradients/pool2_grad/MaxPoolGrad	MaxPoolGrad	{'/device:GPU:0/stream:all': [['no inputs saved in stream'], ['no outputs saved in stream'], 0, 1295, 1295], '/device:GPU:0/stream:13': [['no inputs saved in stream'], ['no outputs saved in stream'], 0, 1295, 1295], '/job:localhost/replica:0/task:0/device:GPU:0': [['(128x192x27x27)', '(128x192x13x13)', '(128x192x13x13)'], ['(128x192x27x27)'], 1, 32, 38]}
edge_193_gradients/conv5/BiasAdd_grad/BiasAddGrad/MEMCPYDtoH	MEMCPYDtoH	{'/device:GPU:0/memcpy': [['(Transfer)'], ['(1024 bytes)'], 0, 2, 2], '/device:GPU:0/stream:15': [['no inputs saved in stream'], ['no outputs saved in stream'], 0, 2, 2]}
pool1-3-0-TransposeNCHWToNHWC-LayoutOptimizer	Transpose	{'/device:GPU:0/stream:all': [['no inputs saved in stream'], ['no outputs saved in stream'], 0, 316, 316], '/device:GPU:0/stream:13': [['no inputs saved in stream'], ['no outputs saved in stream'], 0, 316, 316], '/job:localhost/replica:0/task:0/device:GPU:0': [['(128x64x27x27)', '(int32 4x1)'], ['(128x27x27x64)'], 0, 11, 13]}
conv4-2-0-TransposeNCHWToNHWC-LayoutOptimizer	Transpose	{'/device:GPU:0/stream:all': [['no inputs saved in stream'], ['no outputs saved in stream'], 0, 294, 294], '/device:GPU:0/stream:13': [['no inputs saved in stream'], ['no outputs saved in stream'], 0, 294, 294], '/job:localhost/replica:0/task:0/device:GPU:0': [['(128x256x13x13)', '(int32 4x1)'], ['(128x13x13x256)'], 0, 11, 12]}
gradients/conv5/Conv2D_grad/Conv2DBackpropInput-0-LayoutOptimizer	Const	{'/job:localhost/replica:0/task:0/device:GPU:0': [['(no input)'], ['(int32 4x1)'], 1, 1, 3]}
gradients/conv4/Conv2D_grad/Conv2DBackpropFilter	Conv2DBackpropFilter	{'/device:GPU:0/stream:all': [['no inputs saved in stream'], ['no outputs saved in stream'], 0, 6621, 6621], '/device:GPU:0/stream:13': [['no inputs saved in stream'], ['no outputs saved in stream'], 0, 6621, 6621], '/job:localhost/replica:0/task:0/device:GPU:0': [['(128x13x13x384)', '(int32 4x1)', '(128x13x13x256)'], ['(3x3x384x256)'], 1, 64, 69]}
conv1/weights/read	Identity	{'/job:localhost/replica:0/task:0/device:GPU:0': [['(11x11x3x64)'], ['(11x11x3x64)'], 0, 1, 2]}
conv1/biases/read	Identity	{'/job:localhost/replica:0/task:0/device:GPU:0': [['(64x1)'], ['(64x1)'], 1, 0, 2]}
ConstantFolding/gradients/conv1/Conv2D_grad/ShapeN-matshapes-1	Const	{'/job:localhost/replica:0/task:0/device:GPU:0': [['(no input)'], ['(int32 4x1)'], 0, 1, 2]}
conv2/BiasAdd	BiasAdd	{'/device:GPU:0/stream:all': [['no inputs saved in stream'], ['no outputs saved in stream'], 0, 1203, 1203], '/device:GPU:0/stream:13': [['no inputs saved in stream'], ['no outputs saved in stream'], 0, 1203, 1203], '/job:localhost/replica:0/task:0/device:GPU:0': [['(128x192x27x27)', '(192x1)'], ['(128x192x27x27)'], 0, 12, 14]}
gradients/conv3_grad/ReluGrad-1-0-TransposeNCHWToNHWC-LayoutOptimizer	Transpose	{'/device:GPU:0/stream:all': [['no inputs saved in stream'], ['no outputs saved in stream'], 0, 445, 445], '/device:GPU:0/stream:13': [['no inputs saved in stream'], ['no outputs saved in stream'], 0, 445, 445], '/job:localhost/replica:0/task:0/device:GPU:0': [['(128x384x13x13)', '(int32 4x1)'], ['(128x13x13x384)'], 1, 25, 29]}
gradients/conv5/BiasAdd_grad/BiasAddGrad	BiasAddGrad	{'/device:GPU:0/stream:all': [['no inputs saved in stream'], ['no outputs saved in stream'], 0, 169, 169], '/device:GPU:0/stream:13': [['no inputs saved in stream'], ['no outputs saved in stream'], 0, 169, 169], '/job:localhost/replica:0/task:0/device:GPU:0': [['(128x13x13x256)'], ['(256x1)'], 0, 34, 36]}
_retval_gradients/conv4/Conv2D_grad/Conv2DBackpropFilter_0_7	_Retval	{'/job:localhost/replica:0/task:0/device:CPU:0': [['(3x3x384x256)'], ['(no output info)'], 1, 0, 3]}
gradients/conv4/Conv2D_grad/Conv2DBackpropInput-0-LayoutOptimizer	Const	{'/job:localhost/replica:0/task:0/device:GPU:0': [['(no input)'], ['(int32 4x1)'], 0, 1, 2]}
gradients/conv3/BiasAdd_grad/BiasAddGrad	BiasAddGrad	{'/device:GPU:0/stream:all': [['no inputs saved in stream'], ['no outputs saved in stream'], 0, 257, 257], '/device:GPU:0/stream:13': [['no inputs saved in stream'], ['no outputs saved in stream'], 0, 257, 257], '/job:localhost/replica:0/task:0/device:GPU:0': [['(128x13x13x384)'], ['(384x1)'], 1, 25, 28]}
conv1/BiasAdd	BiasAdd	{'/device:GPU:0/stream:all': [['no inputs saved in stream'], ['no outputs saved in stream'], 0, 1729, 1729], '/device:GPU:0/stream:13': [['no inputs saved in stream'], ['no outputs saved in stream'], 0, 1729, 1729], '/job:localhost/replica:0/task:0/device:GPU:0': [['(128x64x56x56)', '(64x1)'], ['(128x64x56x56)'], 0, 17, 19]}
conv5/weights	VariableV2	{'/job:localhost/replica:0/task:0/device:GPU:0': [['(no input)'], ['(3x3x256x256)'], 0, 1, 2]}
conv3/Conv2D	Conv2D	{'/device:GPU:0/stream:all': [['no inputs saved in stream'], ['no outputs saved in stream'], 0, 4951, 4951], '/device:GPU:0/stream:13': [['no inputs saved in stream'], ['no outputs saved in stream'], 0, 4574, 4574], '/device:GPU:0/stream:18': [['no inputs saved in stream'], ['no outputs saved in stream'], 0, 377, 377], '/job:localhost/replica:0/task:0/device:GPU:0': [['(128x192x13x13)', '(3x3x192x384)'], ['(128x384x13x13)'], 0, 74, 77]}
gradients/conv3/Conv2D_grad/Conv2DBackpropInput	Conv2DBackpropInput	{'/device:GPU:0/stream:all': [['no inputs saved in stream'], ['no outputs saved in stream'], 0, 5042, 5042], '/device:GPU:0/stream:13': [['no inputs saved in stream'], ['no outputs saved in stream'], 0, 4289, 4289], '/device:GPU:0/stream:18': [['no inputs saved in stream'], ['no outputs saved in stream'], 0, 753, 753], '/job:localhost/replica:0/task:0/device:GPU:0': [['(int32 4x1)', '(3x3x192x384)', '(128x384x13x13)'], ['(128x192x13x13)'], 1, 105, 109]}
gradients/pool2_grad/MaxPoolGrad-0-TransposeNHWCToNCHW-LayoutOptimizer	Transpose	{'/device:GPU:0/stream:all': [['no inputs saved in stream'], ['no outputs saved in stream'], 0, 949, 949], '/device:GPU:0/stream:13': [['no inputs saved in stream'], ['no outputs saved in stream'], 0, 949, 949], '/job:localhost/replica:0/task:0/device:GPU:0': [['(128x27x27x192)', '(int32 4x1)'], ['(128x192x27x27)'], 0, 11, 13]}
pool5	MaxPool	{'/device:GPU:0/stream:all': [['no inputs saved in stream'], ['no outputs saved in stream'], 0, 270, 270], '/device:GPU:0/stream:13': [['no inputs saved in stream'], ['no outputs saved in stream'], 0, 270, 270], '/job:localhost/replica:0/task:0/device:GPU:0': [['(128x256x13x13)'], ['(128x256x6x6)'], 1, 15, 18]}
conv2/weights	VariableV2	{'/job:localhost/replica:0/task:0/device:GPU:0': [['(no input)'], ['(5x5x64x192)'], 0, 3, 4]}
conv2/biases	VariableV2	{'/job:localhost/replica:0/task:0/device:GPU:0': [['(no input)'], ['(192x1)'], 1, 1, 4]}
conv3/weights	VariableV2	{'/job:localhost/replica:0/task:0/device:GPU:0': [['(no input)'], ['(3x3x192x384)'], 1, 1, 4]}
Variable	VariableV2	{'/job:localhost/replica:0/task:0/device:GPU:0': [['(no input)'], ['(128x224x224x3)'], 0, 4, 6]}
conv4/BiasAdd	BiasAdd	{'/device:GPU:0/stream:all': [['no inputs saved in stream'], ['no outputs saved in stream'], 0, 357, 357], '/device:GPU:0/stream:13': [['no inputs saved in stream'], ['no outputs saved in stream'], 0, 357, 357], '/job:localhost/replica:0/task:0/device:GPU:0': [['(128x256x13x13)', '(256x1)'], ['(128x256x13x13)'], 1, 9, 12]}
conv3/BiasAdd	BiasAdd	{'/device:GPU:0/stream:all': [['no inputs saved in stream'], ['no outputs saved in stream'], 0, 532, 532], '/device:GPU:0/stream:13': [['no inputs saved in stream'], ['no outputs saved in stream'], 0, 532, 532], '/job:localhost/replica:0/task:0/device:GPU:0': [['(128x384x13x13)', '(384x1)'], ['(128x384x13x13)'], 0, 10, 12]}
edge_185_gradients/conv3/BiasAdd_grad/BiasAddGrad/MEMCPYDtoH	MEMCPYDtoH	{'/device:GPU:0/memcpy': [['(Transfer)'], ['(1536 bytes)'], 0, 3, 3], '/device:GPU:0/stream:15': [['no inputs saved in stream'], ['no outputs saved in stream'], 0, 3, 3]}
pool2-1-0-TransposeNCHWToNHWC-LayoutOptimizer	Transpose	{'/device:GPU:0/stream:all': [['no inputs saved in stream'], ['no outputs saved in stream'], 0, 220, 220], '/device:GPU:0/stream:13': [['no inputs saved in stream'], ['no outputs saved in stream'], 0, 220, 220], '/job:localhost/replica:0/task:0/device:GPU:0': [['(128x192x13x13)', '(int32 4x1)'], ['(128x13x13x192)'], 1, 9, 12]}
_retval_gradients/conv1/BiasAdd_grad/BiasAddGrad_0_0	_Retval	{'/job:localhost/replica:0/task:0/device:CPU:0': [['(64x1)'], ['(no output info)'], 1, 2, 4]}
gradients/conv3/Conv2D_grad/Conv2DBackpropInput-0-LayoutOptimizer	Const	{'/job:localhost/replica:0/task:0/device:GPU:0': [['(no input)'], ['(int32 4x1)'], 0, 1, 2]}
gradients/conv1_grad/ReluGrad-0-TransposeNHWCToNCHW-LayoutOptimizer	Transpose	{'/device:GPU:0/stream:all': [['no inputs saved in stream'], ['no outputs saved in stream'], 0, 1366, 1366], '/device:GPU:0/stream:13': [['no inputs saved in stream'], ['no outputs saved in stream'], 0, 1366, 1366], '/job:localhost/replica:0/task:0/device:GPU:0': [['(128x56x56x64)', '(int32 4x1)'], ['(128x64x56x56)'], 0, 12, 15]}
_retval_gradients/conv4/BiasAdd_grad/BiasAddGrad_0_6	_Retval	{'/job:localhost/replica:0/task:0/device:CPU:0': [['(256x1)'], ['(no output info)'], 0, 2, 4]}
edge_181_gradients/conv2/BiasAdd_grad/BiasAddGrad/MEMCPYDtoH	MEMCPYDtoH	{'/device:GPU:0/memcpy': [['(Transfer)'], ['(768 bytes)'], 0, 1, 1], '/device:GPU:0/stream:15': [['no inputs saved in stream'], ['no outputs saved in stream'], 0, 1, 1]}
gradients/pool2_grad/MaxPoolGrad-0-0-TransposeNCHWToNHWC-LayoutOptimizer	Transpose	{'/device:GPU:0/stream:all': [['no inputs saved in stream'], ['no outputs saved in stream'], 0, 947, 947], '/device:GPU:0/stream:13': [['no inputs saved in stream'], ['no outputs saved in stream'], 0, 947, 947], '/job:localhost/replica:0/task:0/device:GPU:0': [['(128x192x27x27)', '(int32 4x1)'], ['(128x27x27x192)'], 0, 30, 33]}
gradients/conv1_grad/ReluGrad	ReluGrad	{'/device:GPU:0/stream:all': [['no inputs saved in stream'], ['no outputs saved in stream'], 0, 1980, 1980], '/device:GPU:0/stream:13': [['no inputs saved in stream'], ['no outputs saved in stream'], 0, 1980, 1980], '/job:localhost/replica:0/task:0/device:GPU:0': [['(128x64x56x56)', '(128x64x56x56)'], ['(128x64x56x56)'], 0, 11, 13]}
gradients/pool1_grad/MaxPoolGrad	MaxPoolGrad	{'/device:GPU:0/stream:all': [['no inputs saved in stream'], ['no outputs saved in stream'], 0, 3092, 3092], '/device:GPU:0/stream:13': [['no inputs saved in stream'], ['no outputs saved in stream'], 0, 3092, 3092], '/job:localhost/replica:0/task:0/device:GPU:0': [['(128x64x56x56)', '(128x64x27x27)', '(128x64x27x27)'], ['(128x64x56x56)'], 1, 19, 24]}
PermConstNCHWToNHWC-LayoutOptimizer	Const	{'/job:localhost/replica:0/task:0/device:GPU:0': [['(no input)'], ['(int32 4x1)'], 0, 2, 18]}
_retval_gradients/conv2/Conv2D_grad/Conv2DBackpropFilter_0_3	_Retval	{'/job:localhost/replica:0/task:0/device:CPU:0': [['(5x5x64x192)'], ['(no output info)'], 1, 0, 1]}
pool1	MaxPool	{'/device:GPU:0/stream:all': [['no inputs saved in stream'], ['no outputs saved in stream'], 0, 1249, 1249], '/device:GPU:0/stream:13': [['no inputs saved in stream'], ['no outputs saved in stream'], 0, 1249, 1249], '/job:localhost/replica:0/task:0/device:GPU:0': [['(128x64x56x56)'], ['(128x64x27x27)'], 0, 21, 23]}
conv5	Relu	{'/device:GPU:0/stream:all': [['no inputs saved in stream'], ['no outputs saved in stream'], 0, 289, 289], '/device:GPU:0/stream:13': [['no inputs saved in stream'], ['no outputs saved in stream'], 0, 289, 289], '/job:localhost/replica:0/task:0/device:GPU:0': [['(128x256x13x13)'], ['(128x256x13x13)'], 1, 7, 10]}
_SOURCE	NoOp	{'/job:localhost/replica:0/task:0/device:CPU:0': [['(no input)'], ['(no output info)'], 1, 1, 7], '/job:localhost/replica:0/task:0/device:GPU:0': [['(no input)'], ['(no output info)'], 4, 4, 12]}
conv4	Relu	{'/device:GPU:0/stream:all': [['no inputs saved in stream'], ['no outputs saved in stream'], 0, 291, 291], '/device:GPU:0/stream:13': [['no inputs saved in stream'], ['no outputs saved in stream'], 0, 291, 291], '/job:localhost/replica:0/task:0/device:GPU:0': [['(128x256x13x13)'], ['(128x256x13x13)'], 1, 7, 10]}
conv3/biases	VariableV2	{'/job:localhost/replica:0/task:0/device:GPU:0': [['(no input)'], ['(384x1)'], 1, 1, 3]}
conv4/weights/read	Identity	{'/job:localhost/replica:0/task:0/device:GPU:0': [['(3x3x384x256)'], ['(3x3x384x256)'], 1, 0, 20]}
ConstantFolding/gradients/conv4/Conv2D_grad/ShapeN-matshapes-1	Const	{'/job:localhost/replica:0/task:0/device:GPU:0': [['(no input)'], ['(int32 4x1)'], 0, 1, 2]}
gradients/conv5/Conv2D_grad/Conv2DBackpropFilter	Conv2DBackpropFilter	{'/device:GPU:0/stream:all': [['no inputs saved in stream'], ['no outputs saved in stream'], 0, 4690, 4690], '/device:GPU:0/stream:13': [['no inputs saved in stream'], ['no outputs saved in stream'], 0, 4690, 4690], '/job:localhost/replica:0/task:0/device:GPU:0': [['(128x13x13x256)', '(int32 4x1)', '(128x13x13x256)'], ['(3x3x256x256)'], 0, 72, 76]}
conv2/Conv2D	Conv2D	{'/device:GPU:0/stream:all': [['no inputs saved in stream'], ['no outputs saved in stream'], 0, 4704, 4704], '/device:GPU:0/stream:13': [['no inputs saved in stream'], ['no outputs saved in stream'], 0, 570, 570], '/device:GPU:0/stream:18': [['no inputs saved in stream'], ['no outputs saved in stream'], 0, 4134, 4134], '/job:localhost/replica:0/task:0/device:GPU:0': [['(128x64x27x27)', '(5x5x64x192)'], ['(128x192x27x27)'], 0, 77, 80]}
conv1-1-1-TransposeNCHWToNHWC-LayoutOptimizer	Transpose	{'/device:GPU:0/stream:all': [['no inputs saved in stream'], ['no outputs saved in stream'], 0, 1360, 1360], '/device:GPU:0/stream:13': [['no inputs saved in stream'], ['no outputs saved in stream'], 0, 1360, 1360], '/job:localhost/replica:0/task:0/device:GPU:0': [['(128x64x56x56)', '(int32 4x1)'], ['(128x56x56x64)'], 1, 11, 14]}
conv4/biases/read	Identity	{'/job:localhost/replica:0/task:0/device:GPU:0': [['(256x1)'], ['(256x1)'], 0, 1, 2]}
conv5/Conv2D	Conv2D	{'/device:GPU:0/stream:all': [['no inputs saved in stream'], ['no outputs saved in stream'], 0, 4091, 4091], '/device:GPU:0/stream:13': [['no inputs saved in stream'], ['no outputs saved in stream'], 0, 3671, 3671], '/device:GPU:0/stream:18': [['no inputs saved in stream'], ['no outputs saved in stream'], 0, 420, 420], '/job:localhost/replica:0/task:0/device:GPU:0': [['(128x256x13x13)', '(3x3x256x256)'], ['(128x256x13x13)'], 0, 51, 54]}
pool2	MaxPool	{'/device:GPU:0/stream:all': [['no inputs saved in stream'], ['no outputs saved in stream'], 0, 876, 876], '/device:GPU:0/stream:13': [['no inputs saved in stream'], ['no outputs saved in stream'], 0, 876, 876], '/job:localhost/replica:0/task:0/device:GPU:0': [['(128x192x27x27)'], ['(128x192x13x13)'], 1, 15, 18]}
edge_191_gradients/conv4/Conv2D_grad/Conv2DBackpropFilter/MEMCPYDtoH	MEMCPYDtoH	{'/device:GPU:0/memcpy': [['(Transfer)'], ['(3538944 bytes)'], 0, 307, 307], '/device:GPU:0/stream:15': [['no inputs saved in stream'], ['no outputs saved in stream'], 0, 307, 307]}
gradients/conv4/Conv2D_grad/Conv2DBackpropInput	Conv2DBackpropInput	{'/device:GPU:0/stream:all': [['no inputs saved in stream'], ['no outputs saved in stream'], 0, 5971, 5971], '/device:GPU:0/stream:13': [['no inputs saved in stream'], ['no outputs saved in stream'], 0, 5971, 5971], '/job:localhost/replica:0/task:0/device:GPU:0': [['(int32 4x1)', '(3x3x384x256)', '(128x256x13x13)'], ['(128x384x13x13)'], 1, 67, 71]}
conv1/biases	VariableV2	{'/job:localhost/replica:0/task:0/device:GPU:0': [['(no input)'], ['(64x1)'], 1, 2, 4]}
gradients/lrn1/LRN_grad/LRNGrad	LRNGrad	{'/device:GPU:0/stream:all': [['no inputs saved in stream'], ['no outputs saved in stream'], 0, 23531, 23531], '/device:GPU:0/stream:13': [['no inputs saved in stream'], ['no outputs saved in stream'], 0, 23531, 23531], '/job:localhost/replica:0/task:0/device:GPU:0': [['(128x56x56x64)', '(128x56x56x64)', '(128x56x56x64)'], ['(128x56x56x64)'], 1, 16, 21]}
conv2-1-1-TransposeNCHWToNHWC-LayoutOptimizer	Transpose	{'/device:GPU:0/stream:all': [['no inputs saved in stream'], ['no outputs saved in stream'], 0, 951, 951], '/device:GPU:0/stream:13': [['no inputs saved in stream'], ['no outputs saved in stream'], 0, 951, 951], '/job:localhost/replica:0/task:0/device:GPU:0': [['(128x192x27x27)', '(int32 4x1)'], ['(128x27x27x192)'], 0, 10, 12]}
_retval_gradients/conv5/BiasAdd_grad/BiasAddGrad_0_8	_Retval	{'/job:localhost/replica:0/task:0/device:CPU:0': [['(256x1)'], ['(no output info)'], 1, 3, 6]}
gradients/conv4_grad/ReluGrad-1-0-TransposeNCHWToNHWC-LayoutOptimizer	Transpose	{'/device:GPU:0/stream:all': [['no inputs saved in stream'], ['no outputs saved in stream'], 0, 293, 293], '/device:GPU:0/stream:13': [['no inputs saved in stream'], ['no outputs saved in stream'], 0, 293, 293], '/job:localhost/replica:0/task:0/device:GPU:0': [['(128x256x13x13)', '(int32 4x1)'], ['(128x13x13x256)'], 1, 11, 33]}
gradients/pool5_grad/MaxPoolGrad	MaxPoolGrad	{'/device:GPU:0/stream:all': [['no inputs saved in stream'], ['no outputs saved in stream'], 0, 777, 777], '/device:GPU:0/stream:13': [['no inputs saved in stream'], ['no outputs saved in stream'], 0, 777, 777], '/job:localhost/replica:0/task:0/device:GPU:0': [['(128x256x13x13)', '(128x256x6x6)', '(128x256x6x6)'], ['(128x256x13x13)'], 1, 19, 23]}
ConstantFolding/gradients/conv3/Conv2D_grad/ShapeN-matshapes-1	Const	{'/job:localhost/replica:0/task:0/device:GPU:0': [['(no input)'], ['(int32 4x1)'], 0, 1, 2]}
conv4/biases	VariableV2	{'/job:localhost/replica:0/task:0/device:GPU:0': [['(no input)'], ['(256x1)'], 0, 1, 2]}
conv5/biases/read	Identity	{'/job:localhost/replica:0/task:0/device:GPU:0': [['(256x1)'], ['(256x1)'], 0, 1, 2]}
gradients/conv4_grad/ReluGrad	ReluGrad	{'/device:GPU:0/stream:all': [['no inputs saved in stream'], ['no outputs saved in stream'], 0, 427, 427], '/device:GPU:0/stream:13': [['no inputs saved in stream'], ['no outputs saved in stream'], 0, 427, 427], '/job:localhost/replica:0/task:0/device:GPU:0': [['(128x256x13x13)', '(128x256x13x13)'], ['(128x256x13x13)'], 0, 9, 12]}
gradients/conv1/BiasAdd_grad/BiasAddGrad	BiasAddGrad	{'/device:GPU:0/stream:all': [['no inputs saved in stream'], ['no outputs saved in stream'], 0, 762, 762], '/device:GPU:0/stream:13': [['no inputs saved in stream'], ['no outputs saved in stream'], 0, 762, 762], '/job:localhost/replica:0/task:0/device:GPU:0': [['(128x56x56x64)'], ['(64x1)'], 1, 25, 29]}
_retval_gradients/conv1/Conv2D_grad/Conv2DBackpropFilter_0_1	_Retval	{'/job:localhost/replica:0/task:0/device:CPU:0': [['(11x11x3x64)'], ['(no output info)'], 1, 1, 5]}
_retval_gradients/conv5/Conv2D_grad/Conv2DBackpropFilter_0_9	_Retval	{'/job:localhost/replica:0/task:0/device:CPU:0': [['(3x3x256x256)'], ['(no output info)'], 1, 1, 3]}
edge_177_gradients/conv1/BiasAdd_grad/BiasAddGrad/MEMCPYDtoH	MEMCPYDtoH	{'/device:GPU:0/memcpy': [['(Transfer)'], ['(256 bytes)'], 0, 1, 1], '/device:GPU:0/stream:15': [['no inputs saved in stream'], ['no outputs saved in stream'], 0, 1, 1]}
gradients/conv3_grad/ReluGrad	ReluGrad	{'/device:GPU:0/stream:all': [['no inputs saved in stream'], ['no outputs saved in stream'], 0, 655, 655], '/device:GPU:0/stream:13': [['no inputs saved in stream'], ['no outputs saved in stream'], 0, 655, 655], '/job:localhost/replica:0/task:0/device:GPU:0': [['(128x384x13x13)', '(128x384x13x13)'], ['(128x384x13x13)'], 1, 12, 16]}
gradients/conv2_grad/ReluGrad	ReluGrad	{'/device:GPU:0/stream:all': [['no inputs saved in stream'], ['no outputs saved in stream'], 0, 1381, 1381], '/device:GPU:0/stream:13': [['no inputs saved in stream'], ['no outputs saved in stream'], 0, 1381, 1381], '/job:localhost/replica:0/task:0/device:GPU:0': [['(128x192x27x27)', '(128x192x27x27)'], ['(128x192x27x27)'], 1, 29, 32]}
PermConstNHWCToNCHW-LayoutOptimizer	Const	{'/job:localhost/replica:0/task:0/device:GPU:0': [['(no input)'], ['(int32 4x1)'], 1, 1, 3]}
conv3/weights/read	Identity	{'/job:localhost/replica:0/task:0/device:GPU:0': [['(3x3x192x384)'], ['(3x3x192x384)'], 0, 1, 2]}
conv1	Relu	{'/device:GPU:0/stream:all': [['no inputs saved in stream'], ['no outputs saved in stream'], 0, 1348, 1348], '/device:GPU:0/stream:13': [['no inputs saved in stream'], ['no outputs saved in stream'], 0, 1348, 1348], '/job:localhost/replica:0/task:0/device:GPU:0': [['(128x64x56x56)'], ['(128x64x56x56)'], 0, 11, 12]}
lrn1/LRN	LRN	{'/device:GPU:0/stream:all': [['no inputs saved in stream'], ['no outputs saved in stream'], 0, 21354, 21354], '/device:GPU:0/stream:13': [['no inputs saved in stream'], ['no outputs saved in stream'], 0, 21354, 21354], '/job:localhost/replica:0/task:0/device:GPU:0': [['(128x56x56x64)'], ['(128x56x56x64)'], 0, 18, 19]}
conv3	Relu	{'/device:GPU:0/stream:all': [['no inputs saved in stream'], ['no outputs saved in stream'], 0, 435, 435], '/device:GPU:0/stream:13': [['no inputs saved in stream'], ['no outputs saved in stream'], 0, 435, 435], '/job:localhost/replica:0/task:0/device:GPU:0': [['(128x384x13x13)'], ['(128x384x13x13)'], 0, 8, 10]}
ConstantFolding/gradients/conv2/Conv2D_grad/ShapeN-matshapes-1	Const	{'/job:localhost/replica:0/task:0/device:GPU:0': [['(no input)'], ['(int32 4x1)'], 0, 1, 2]}
gradients/conv2/Conv2D_grad/Conv2DBackpropFilter	Conv2DBackpropFilter	{'/device:GPU:0/stream:all': [['no inputs saved in stream'], ['no outputs saved in stream'], 0, 6464, 6464], '/device:GPU:0/stream:13': [['no inputs saved in stream'], ['no outputs saved in stream'], 0, 6464, 6464], '/job:localhost/replica:0/task:0/device:GPU:0': [['(128x27x27x64)', '(int32 4x1)', '(128x27x27x192)'], ['(5x5x64x192)'], 1, 83, 89]}
conv4/weights	VariableV2	{'/job:localhost/replica:0/task:0/device:GPU:0': [['(no input)'], ['(3x3x384x256)'], 1, 1, 3]}
lrn2/LRN	LRN	{'/device:GPU:0/stream:all': [['no inputs saved in stream'], ['no outputs saved in stream'], 0, 23584, 23584], '/device:GPU:0/stream:13': [['no inputs saved in stream'], ['no outputs saved in stream'], 0, 23584, 23584], '/job:localhost/replica:0/task:0/device:GPU:0': [['(128x27x27x192)'], ['(128x27x27x192)'], 0, 13, 15]}
gradients/pool1_grad/MaxPoolGrad-0-TransposeNHWCToNCHW-LayoutOptimizer	Transpose	{'/device:GPU:0/stream:all': [['no inputs saved in stream'], ['no outputs saved in stream'], 0, 1371, 1371], '/device:GPU:0/stream:13': [['no inputs saved in stream'], ['no outputs saved in stream'], 0, 1371, 1371], '/job:localhost/replica:0/task:0/device:GPU:0': [['(128x56x56x64)', '(int32 4x1)'], ['(128x64x56x56)'], 1, 10, 13]}
gradients/conv2_grad/ReluGrad-0-0-TransposeNCHWToNHWC-LayoutOptimizer	Transpose	{'/device:GPU:0/stream:all': [['no inputs saved in stream'], ['no outputs saved in stream'], 0, 948, 948], '/device:GPU:0/stream:13': [['no inputs saved in stream'], ['no outputs saved in stream'], 0, 948, 948], '/job:localhost/replica:0/task:0/device:GPU:0': [['(128x192x27x27)', '(int32 4x1)'], ['(128x27x27x192)'], 0, 33, 36]}
_retval_gradients/conv3/Conv2D_grad/Conv2DBackpropFilter_0_5	_Retval	{'/job:localhost/replica:0/task:0/device:CPU:0': [['(3x3x192x384)'], ['(no output info)'], 0, 1, 3]}
gradients/pool1_grad/MaxPoolGrad-0-0-TransposeNCHWToNHWC-LayoutOptimizer	Transpose	{'/device:GPU:0/stream:all': [['no inputs saved in stream'], ['no outputs saved in stream'], 0, 1356, 1356], '/device:GPU:0/stream:13': [['no inputs saved in stream'], ['no outputs saved in stream'], 0, 1356, 1356], '/job:localhost/replica:0/task:0/device:GPU:0': [['(128x64x56x56)', '(int32 4x1)'], ['(128x56x56x64)'], 1, 13, 16]}
gradients/conv4/BiasAdd_grad/BiasAddGrad	BiasAddGrad	{'/device:GPU:0/stream:all': [['no inputs saved in stream'], ['no outputs saved in stream'], 0, 170, 170], '/device:GPU:0/stream:13': [['no inputs saved in stream'], ['no outputs saved in stream'], 0, 170, 170], '/job:localhost/replica:0/task:0/device:GPU:0': [['(128x13x13x256)'], ['(256x1)'], 0, 24, 26]}
conv2/biases/read	Identity	{'/job:localhost/replica:0/task:0/device:GPU:0': [['(192x1)'], ['(192x1)'], 0, 1, 1]}
Variable/read	Identity	{'/job:localhost/replica:0/task:0/device:GPU:0': [['(128x224x224x3)'], ['(128x224x224x3)'], 0, 1, 2]}
edge_187_gradients/conv3/Conv2D_grad/Conv2DBackpropFilter/MEMCPYDtoH	MEMCPYDtoH	{'/device:GPU:0/memcpy': [['(Transfer)'], ['(2654208 bytes)'], 0, 253, 253], '/device:GPU:0/stream:15': [['no inputs saved in stream'], ['no outputs saved in stream'], 0, 253, 253]}
edge_195_gradients/conv5/Conv2D_grad/Conv2DBackpropFilter/MEMCPYDtoH	MEMCPYDtoH	{'/device:GPU:0/memcpy': [['(Transfer)'], ['(2359296 bytes)'], 0, 248, 248], '/device:GPU:0/stream:15': [['no inputs saved in stream'], ['no outputs saved in stream'], 0, 248, 248]}
_retval_gradients/conv2/BiasAdd_grad/BiasAddGrad_0_2	_Retval	{'/job:localhost/replica:0/task:0/device:CPU:0': [['(192x1)'], ['(no output info)'], 2, 2, 6]}
gradients/conv3/Conv2D_grad/Conv2DBackpropFilter	Conv2DBackpropFilter	{'/device:GPU:0/stream:all': [['no inputs saved in stream'], ['no outputs saved in stream'], 0, 6478, 6478], '/device:GPU:0/stream:13': [['no inputs saved in stream'], ['no outputs saved in stream'], 0, 6478, 6478], '/job:localhost/replica:0/task:0/device:GPU:0': [['(128x13x13x192)', '(int32 4x1)', '(128x13x13x384)'], ['(3x3x192x384)'], 0, 82, 86]}
edge_183_gradients/conv2/Conv2D_grad/Conv2DBackpropFilter/MEMCPYDtoH	MEMCPYDtoH	{'/device:GPU:0/memcpy': [['(Transfer)'], ['(1228800 bytes)'], 0, 118, 118], '/device:GPU:0/stream:15': [['no inputs saved in stream'], ['no outputs saved in stream'], 0, 118, 118]}
gradients/conv5_grad/ReluGrad-0-0-TransposeNCHWToNHWC-LayoutOptimizer	Transpose	{'/device:GPU:0/stream:all': [['no inputs saved in stream'], ['no outputs saved in stream'], 0, 295, 295], '/device:GPU:0/stream:13': [['no inputs saved in stream'], ['no outputs saved in stream'], 0, 295, 295], '/job:localhost/replica:0/task:0/device:GPU:0': [['(128x256x13x13)', '(int32 4x1)'], ['(128x13x13x256)'], 1, 11, 15]}
gradients/conv2_grad/ReluGrad-0-TransposeNHWCToNCHW-LayoutOptimizer	Transpose	{'/device:GPU:0/stream:all': [['no inputs saved in stream'], ['no outputs saved in stream'], 0, 955, 955], '/device:GPU:0/stream:13': [['no inputs saved in stream'], ['no outputs saved in stream'], 0, 955, 955], '/job:localhost/replica:0/task:0/device:GPU:0': [['(128x27x27x192)', '(int32 4x1)'], ['(128x192x27x27)'], 0, 42, 45]}
edge_189_gradients/conv4/BiasAdd_grad/BiasAddGrad/MEMCPYDtoH	MEMCPYDtoH	{'/device:GPU:0/memcpy': [['(Transfer)'], ['(1024 bytes)'], 0, 1, 1], '/device:GPU:0/stream:15': [['no inputs saved in stream'], ['no outputs saved in stream'], 0, 1, 1]}
conv1/Conv2D	Conv2D	{'/device:GPU:0/stream:all': [['no inputs saved in stream'], ['no outputs saved in stream'], 0, 8687, 8687], '/device:GPU:0/stream:13': [['no inputs saved in stream'], ['no outputs saved in stream'], 0, 8687, 8687], '/job:localhost/replica:0/task:0/device:GPU:0': [['(128x3x224x224)', '(11x11x3x64)'], ['(128x64x56x56)'], 0, 94, 98]}
conv1/Conv2D-0-TransposeNHWCToNCHW-LayoutOptimizer	Transpose	{'/device:GPU:0/stream:all': [['no inputs saved in stream'], ['no outputs saved in stream'], 0, 1875, 1875], '/device:GPU:0/stream:13': [['no inputs saved in stream'], ['no outputs saved in stream'], 0, 1875, 1875], '/job:localhost/replica:0/task:0/device:GPU:0': [['(128x224x224x3)', '(int32 4x1)'], ['(128x3x224x224)'], 0, 77, 80]}
gradients/conv5_grad/ReluGrad	ReluGrad	{'/device:GPU:0/stream:all': [['no inputs saved in stream'], ['no outputs saved in stream'], 0, 427, 427], '/device:GPU:0/stream:13': [['no inputs saved in stream'], ['no outputs saved in stream'], 0, 427, 427], '/job:localhost/replica:0/task:0/device:GPU:0': [['(128x256x13x13)', '(128x256x13x13)'], ['(128x256x13x13)'], 0, 12, 15]}
conv5/BiasAdd	BiasAdd	{'/device:GPU:0/stream:all': [['no inputs saved in stream'], ['no outputs saved in stream'], 0, 358, 358], '/device:GPU:0/stream:13': [['no inputs saved in stream'], ['no outputs saved in stream'], 0, 358, 358], '/job:localhost/replica:0/task:0/device:GPU:0': [['(128x256x13x13)', '(256x1)'], ['(128x256x13x13)'], 0, 9, 10]}
gradients/lrn2/LRN_grad/LRNGrad	LRNGrad	{'/device:GPU:0/stream:all': [['no inputs saved in stream'], ['no outputs saved in stream'], 0, 30460, 30460], '/device:GPU:0/stream:13': [['no inputs saved in stream'], ['no outputs saved in stream'], 0, 30460, 30460], '/job:localhost/replica:0/task:0/device:GPU:0': [['(128x27x27x192)', '(128x27x27x192)', '(128x27x27x192)'], ['(128x27x27x192)'], 0, 21, 38]}
edge_179_gradients/conv1/Conv2D_grad/Conv2DBackpropFilter/MEMCPYDtoH	MEMCPYDtoH	{'/device:GPU:0/memcpy': [['(Transfer)'], ['(92928 bytes)'], 0, 7, 7], '/device:GPU:0/stream:15': [['no inputs saved in stream'], ['no outputs saved in stream'], 0, 7, 7]}
gradients/conv5/Conv2D_grad/Conv2DBackpropInput	Conv2DBackpropInput	{'/device:GPU:0/stream:all': [['no inputs saved in stream'], ['no outputs saved in stream'], 0, 3973, 3973], '/device:GPU:0/stream:13': [['no inputs saved in stream'], ['no outputs saved in stream'], 0, 3557, 3557], '/device:GPU:0/stream:18': [['no inputs saved in stream'], ['no outputs saved in stream'], 0, 416, 416], '/job:localhost/replica:0/task:0/device:GPU:0': [['(int32 4x1)', '(3x3x256x256)', '(128x256x13x13)'], ['(128x256x13x13)'], 0, 55, 58]}
gradients/conv2/Conv2D_grad/Conv2DBackpropInput	Conv2DBackpropInput	{'/device:GPU:0/stream:all': [['no inputs saved in stream'], ['no outputs saved in stream'], 0, 4606, 4606], '/device:GPU:0/stream:13': [['no inputs saved in stream'], ['no outputs saved in stream'], 0, 556, 556], '/device:GPU:0/stream:18': [['no inputs saved in stream'], ['no outputs saved in stream'], 0, 4050, 4050], '/job:localhost/replica:0/task:0/device:GPU:0': [['(int32 4x1)', '(5x5x64x192)', '(128x192x27x27)'], ['(128x64x27x27)'], 0, 117, 120]}
conv3/biases/read	Identity	{'/job:localhost/replica:0/task:0/device:GPU:0': [['(384x1)'], ['(384x1)'], 0, 1, 2]}
conv3-1-0-TransposeNCHWToNHWC-LayoutOptimizer	Transpose	{'/device:GPU:0/stream:all': [['no inputs saved in stream'], ['no outputs saved in stream'], 0, 442, 442], '/device:GPU:0/stream:13': [['no inputs saved in stream'], ['no outputs saved in stream'], 0, 442, 442], '/job:localhost/replica:0/task:0/device:GPU:0': [['(128x384x13x13)', '(int32 4x1)'], ['(128x13x13x384)'], 0, 9, 11]}
conv2/weights/read	Identity	{'/job:localhost/replica:0/task:0/device:GPU:0': [['(5x5x64x192)'], ['(5x5x64x192)'], 0, 1, 2]}
conv5/biases	VariableV2	{'/job:localhost/replica:0/task:0/device:GPU:0': [['(no input)'], ['(256x1)'], 0, 12, 15]}
gradients/conv2/BiasAdd_grad/BiasAddGrad	BiasAddGrad	{'/device:GPU:0/stream:all': [['no inputs saved in stream'], ['no outputs saved in stream'], 0, 493, 493], '/device:GPU:0/stream:13': [['no inputs saved in stream'], ['no outputs saved in stream'], 0, 493, 493], '/job:localhost/replica:0/task:0/device:GPU:0': [['(128x27x27x192)'], ['(192x1)'], 1, 25, 28]}
conv4/Conv2D	Conv2D	{'/device:GPU:0/stream:all': [['no inputs saved in stream'], ['no outputs saved in stream'], 0, 5976, 5976], '/device:GPU:0/stream:13': [['no inputs saved in stream'], ['no outputs saved in stream'], 0, 5976, 5976], '/job:localhost/replica:0/task:0/device:GPU:0': [['(128x384x13x13)', '(3x3x384x256)'], ['(128x256x13x13)'], 0, 54, 57]}
conv2	Relu	{'/device:GPU:0/stream:all': [['no inputs saved in stream'], ['no outputs saved in stream'], 0, 943, 943], '/device:GPU:0/stream:13': [['no inputs saved in stream'], ['no outputs saved in stream'], 0, 943, 943], '/job:localhost/replica:0/task:0/device:GPU:0': [['(128x192x27x27)'], ['(128x192x27x27)'], 0, 8, 10]}
gradients/conv1/Conv2D_grad/Conv2DBackpropFilter	Conv2DBackpropFilter	{'/device:GPU:0/stream:all': [['no inputs saved in stream'], ['no outputs saved in stream'], 0, 14165, 14165], '/device:GPU:0/stream:13': [['no inputs saved in stream'], ['no outputs saved in stream'], 0, 14165, 14165], '/job:localhost/replica:0/task:0/device:GPU:0': [['(128x224x224x3)', '(int32 4x1)', '(128x56x56x64)'], ['(11x11x3x64)'], 0, 90, 93]}
gradients/conv2/Conv2D_grad/Conv2DBackpropInput-0-LayoutOptimizer	Const	{'/job:localhost/replica:0/task:0/device:GPU:0': [['(no input)'], ['(int32 4x1)'], 0, 1, 2]}
conv1/weights	VariableV2	{'/job:localhost/replica:0/task:0/device:GPU:0': [['(no input)'], ['(11x11x3x64)'], 1, 2, 5]}
ConstantFolding/gradients/conv5/Conv2D_grad/ShapeN-matshapes-1	Const	{'/job:localhost/replica:0/task:0/device:GPU:0': [['(no input)'], ['(int32 4x1)'], 1, 0, 2]}
gradients/conv1_grad/ReluGrad-0-0-TransposeNCHWToNHWC-LayoutOptimizer	Transpose	{'/device:GPU:0/stream:all': [['no inputs saved in stream'], ['no outputs saved in stream'], 0, 1354, 1354], '/device:GPU:0/stream:13': [['no inputs saved in stream'], ['no outputs saved in stream'], 0, 1354, 1354], '/job:localhost/replica:0/task:0/device:GPU:0': [['(128x64x56x56)', '(int32 4x1)'], ['(128x56x56x64)'], 0, 9, 12]}
conv5/weights/read	Identity	{'/job:localhost/replica:0/task:0/device:GPU:0': [['(3x3x256x256)'], ['(3x3x256x256)'], 1, 0, 2]}
_retval_gradients/conv3/BiasAdd_grad/BiasAddGrad_0_4	_Retval	{'/job:localhost/replica:0/task:0/device:CPU:0': [['(384x1)'], ['(no output info)'], 1, 1, 4]}
